End of Year,Total Membership,Children of Record,Baptisms of Children of Record,Convert Baptisms,Total Baptisms,Convert Children of Record,Births to Active Members,Mormon Birth Rate,Mormon Death Rate,Mormon Life Expectancy,Birth Rate (Fractional),Children per Woman,Female/Male Ratio,Stakes,Districts,Missions,Wards and Branches,Wards and Branches in Stakes,Branches,Wards,Branches in Stakes,Branches in Missions,Members in Stakes,Members in Missions,Members per Ward,Sunday School Attendance,Full Time Missionaries,New Missionaries,Average Mission Length (years),New Senior Missionaries,New Male Missionaries,New Female Missionaries,Total Senior Missionaries,Total Male Missionaries,Total Female Missionaries,15 Y/O,16 Y/O,17 Y/O,18 Y/O,19 Y/O,Seminary Enrollment,Activity by Births,Activity by Ward Size,Activity by Stake Size,Activity by Sunday School Attendance,Activity by Missionaries,Activity by Seminary Enrollment,Activity Rate,Gone Inactive,Active Mormons,Inactive Mormons,Deaths of Active Members,Inactives who reach Age 110,Record Adjustments,"Names Removed
Raw",Manual Corrections,Cumulative Corrections,Names Removed,Former Mormons
1830,280,40,0,274,274,32,8,57.6,50,39.5,1.0428,6.5,0.5,0,,0,4,0,0,0,0,0,,,,,,16,1.86,,,,,,,,,,,,,,,,,,,96.8,9,271,9,7,0,,,,,1,1
1831,680,74,13,398,411,46,28,58.4,50,39.5,1.0428,6.59,0.5,0,,0,6,0,0,0,0,0,,,,,,58,1.86,,,,,,,,,,,,,,,,,,,95.6,21,650,30,23,0,,,,,3,3
1832,"2,661",330,22,"1,974","1,996",231,99,59.2,50,39.5,1.0428,6.68,0.5,0,,0,33,0,0,0,0,0,,,,,,72,1.86,,,,,,,,,,,,,,,,,,,95.8,82,"2,550",111,80,0,,,,,12,14
1833,"3,140",227,64,455,519,53,174,60,50,39.5,1.0429,6.77,0.5,0,,0,40,0,0,0,0,0,,,,,,41,1.86,,,,,,,,,,,,,,,,,,,93.6,97,"2,938",202,136,0,,,,,14,27
1834,"4,372",368,59,"1,198","1,257",140,228,60.8,50,39.5,1.0429,6.86,0.5,2,,0,40,22,18,22,0,18,,,,,,111,1.86,,,,,,,,,,,,,,,,,,,92.5,136,"4,044",328,174,0,,,,,20,45
1835,"8,835",922,69,"4,404","4,473",515,407,61.6,50,39.5,1.0428,6.95,0.5,2,,0,48,22,26,22,0,26,,,,,,84,1.86,,,,,,,,,,,,,,,,,,,93.4,274,"8,249",586,308,0,,,,,40,82
1836,"13,293","1,198",119,"4,342","4,461",508,690,62.4,50,39.5,1.0427,7.04,0.5,2,,0,54,25,29,25,0,29,,,,,,80,1.86,,,,,,,,,,,,,,,,,,,92.7,412,"12,324",969,513,0,,,,,61,138
1837,"16,282","1,263",154,"2,802","2,956",328,935,63.2,50,39.5,1.0426,7.13,0.5,2,,1,67,25,42,25,0,42,,,,,123,52,1.86,,,,,,,,,,,,,,,,,,,91.2,505,"14,856","1,426",674,0,,,,,74,205
1838,"17,881","1,251",223,"1,350","1,573",158,"1,093",64,50,39.5,1.0426,7.22,0.5,2,,1,91,26,65,26,0,65,,,,,63,16,1.86,,,,,,,,,,,,,,,,,,,89.3,554,"15,972","1,909",763,0,,,,,81,275
1839,"16,460","1,195",262,703,965,82,"1,113",64.8,50,39.5,1.0425,7.31,0.5,3,,2,86,16,70,16,0,70,,,,,77,67,1.86,,,,,,,,,,,,,,,,,,,85.9,510,"14,136","2,324",737,0,,,,,"2,500","2,761"
1840,"16,865","1,152",517,510,"1,027",59,"1,093",65.6,50,39.5,1.0424,7.4,0.5,3,,2,87,18,69,18,0,69,,,,,137,80,1.86,,,,,,,,,,,,,,,,,,,83.8,523,"14,134","2,731",698,0,,,,,500,"3,122"
1841,"19,856","1,509",398,"2,651","3,049",310,"1,199",65.3,50,39.5,1.0423,7.41,0.4969,2,,2,103,19,84,19,0,84,,,,,167,100,1.86,,,,,,,,,,,,,,,,,,,83.8,616,"16,646","3,210",769,0,,,,,90,"3,055"
1842,"23,564","1,797",564,"3,318","3,882",388,"1,409",64.9,50,39.5,1.0423,7.42,0.4937,2,,2,225,26,199,26,0,199,,,,,135,45,1.86,,,,,,,,,,,,,,,,,,,84,730,"19,784","3,780",912,0,,,,,107,"3,009"
1843,"25,980","1,829","1,138","1,963","3,101",229,"1,600",64.6,50,39.5,1.0422,7.43,0.4906,2,,2,269,31,238,31,0,238,,,,,390,374,1.86,,,,,,,,,,,,,,,,,,,83.1,805,"21,584","4,396","1,029",0,,,,,118,"2,976"
1844,"26,146","1,973","1,383","2,544","3,927",297,"1,676",64.3,50,39.5,1.0422,7.44,0.4875,2,,3,272,33,239,33,0,239,,,,,893,586,1.86,,,,,,,,,,,,,,,,,,,80.9,811,"21,159","4,987","1,054",0,,,,,"3,000","5,827"
1845,"30,332","2,236","1,430","3,665","5,095",429,"1,807",64,50,39.5,1.0422,7.45,0.4844,1,,4,311,34,277,34,0,277,,,,,623,84,1.86,,,,,,,,,,,,,,,,,,,81.3,940,"24,654","5,678","1,148",0,,,,,138,"5,673"
1846,"33,993","2,405","1,426","3,073","4,499",359,"2,046",63.6,50,39.5,1.0423,7.46,0.4812,0,,5,341,30,311,30,0,311,,,,,108,32,1.86,,,,,,,,,,,,,,,,,,,81,"1,054","27,545","6,448","1,303",0,,,,,155,"5,544"
1847,"34,694","2,394","1,384","1,887","3,271",220,"2,174",63.3,50,39.5,1.0423,7.47,0.4781,1,,5,405,48,357,48,0,357,,,,,67,40,1.86,,,,,,,,,,,,,,,,,,,79.2,"1,076","27,492","7,202","1,360",0,,,,,"2,000","7,266"
1848,"40,477","2,965","1,355","5,102","6,457",597,"2,368",63,50,39.5,1.0424,7.48,0.475,1,,5,481,55,426,55,0,426,,,,,88,55,1.86,,,,,,,726,680,613,596,584,,,,,,,,80,"1,255","32,380","8,097","1,503",0,,,,,184,"7,086"
1849,"48,160","3,584","1,763","6,921","8,684",810,"2,774",62.6,50,39.5,1.0425,7.49,0.4718,1,,5,590,75,515,75,0,515,,,,,105,58,1.86,,,,,,,869,818,772,705,688,,,,,,,,80.9,"1,493","38,975","9,185","1,793",0,,,,,219,"6,950"
1850,"51,839","3,443","2,093","2,802","4,895",328,"3,115",62.3,50,39.5,1.0426,7.5,0.4687,1,,9,698,61,637,61,0,637,,,,,100,50,1.86,,,,,,,"1,072",906,856,809,743,,,,,,,,80.1,"1,607","41,506","10,333","2,002",0,,,,,236,"6,838"
1851,"52,165","3,469","2,112","2,138","4,250",250,"3,219",61.9,50,39.9,1.0431,7.489,0.4715,4,,11,777,60,717,60,0,717,,,,,87,44,1.86,,,,,,,"1,322","1,101",935,884,837,,,,,,,,78.1,"1,617","40,732","11,433","2,031",0,,,,,"3,000","9,496"
1852,"52,640","3,491","2,252","2,246","4,498",263,"3,228",61.6,50,40.3,1.0437,7.478,0.4744,5,,13,860,65,795,65,0,795,,,,,188,158,1.86,,,,,,,"1,537","1,352","1,131",965,914,,,,,,,,76.3,"1,632","40,147","12,493","1,999",0,,,,,"3,000","12,021"
1853,"64,154","4,811","2,519","10,515","13,034","1,231","3,580",61.3,50,40.7,1.0442,7.467,0.4772,5,,14,960,75,885,75,0,885,,,,,178,33,1.86,,,,,,,"1,798","1,676","1,492","1,270","1,105",,,,,,,,78.4,"1,989","50,297","13,857","2,289",0,,,,,292,"11,711"
1854,"68,429","4,409","2,755","3,118","5,873",365,"4,044",61,50,41.1,1.0448,7.456,0.4801,6,,13,938,79,859,79,0,859,,,,,141,119,1.86,,,,,,,"1,844","1,840","1,718","1,533","1,312",,,,,,,,77.7,"2,121","53,144","15,285","2,575",0,,,,,312,"11,437"
1855,"63,974","4,278","2,775","2,334","5,109",273,"4,005",60.5,50,41.6,1.0454,7.445,0.4829,6,,14,957,99,858,99,0,858,,,,,171,65,1.86,,,,,,,"1,847","1,875","1,871","1,749","1,564",,,,,,,,84.4,"1,983","53,970","10,004","2,794",0,,,,,"8,000","18,865"
1856,"63,881","4,053","3,350","1,757","5,107",205,"3,848",60.2,50,42,1.046,7.434,0.4857,7,,12,965,124,841,124,0,841,,,,,181,130,1.86,,,,,,,"1,976","1,871","1,898","1,894","1,772",,,,,,,,84.4,"1,980","53,897","9,984","2,698",0,,,,,"3,000","20,921"
1857,"55,236","3,886","3,991","2,720","6,711",318,"3,568",59.9,50,42.4,1.0466,7.423,0.4886,6,,12,819,77,742,77,0,742,,,,,203,88,1.86,,,,,,,"2,193","2,012","1,907","1,935","1,930",,,,,,,,98.5,"1,712","54,380",856,"2,933",0,,,,,"12,000","31,874"
1858,"55,755","3,525","3,785","1,858","5,643",217,"3,308",59.6,50,42.8,1.0472,7.412,0.4914,4,,9,742,81,661,81,0,661,,,,,82,0,1.86,,,,,,,"2,364","2,217","2,037","1,931","1,959",,,,,,,,95.4,"1,728","53,214","2,541","2,647",0,,,,,"2,000","32,280"
1859,"57,038","3,410","3,790",570,"4,360",66,"3,344",59.3,42.1,43.2,1.0478,7.401,0.4943,4,,9,733,98,635,98,0,635,,,,,17,18,1.86,,,,,,,"2,421","2,371","2,225","2,044","1,939",,,,,,,,92.6,"1,768","52,836","4,202","2,199",0,,878,-871,-871,7,"30,928"
1860,"61,082","3,556","3,785",611,"4,396",71,"3,485",59,45.1,43.6,1.0484,7.39,0.4971,4,,8,721,110,611,110,0,611,,,,,106,96,1.86,,,,,,,"2,526","2,429","2,379","2,233","2,053",,,,,,,,90.3,"1,894","55,176","5,906","2,405",0,,"-2,053","2,061","1,190",8,"29,541"
1861,"66,211","3,839","5,080",662,"5,742",77,"3,762",59.1,41.9,43.8,1.0487,7.4439,0.4966,4,,7,714,126,588,126,0,588,,,,,107,19,1.86,,,,,,,"2,735","2,535","2,438","2,388","2,242",,,,,,,,88.4,"2,053","58,499","7,712","2,357",0,,"-1,744","1,752","2,942",8,"28,311"
1862,"68,780","4,076","4,561",688,"5,249",80,"3,996",59.2,39.9,43.9,1.0489,7.4868,0.496,4,,7,698,135,563,135,0,563,,,,,43,27,1.86,,,,,,,"2,831","2,744","2,544","2,447","2,397",,,,,,,,86.1,"2,132","59,244","9,536","2,319",0,,361,-352,"2,590",9,"27,190"
1863,"71,770","4,244","4,400",718,"5,118",84,"4,160",59.2,38.6,44.1,1.0491,7.5297,0.4955,4,,7,667,143,524,143,0,524,,,,,72,50,1.86,,,,,,,"3,010","2,841","2,753","2,554","2,457",,,,,,,,84.1,"2,225","60,377","11,393","2,281",0,,-153,162,"2,752",9,"26,149"
1864,"74,348","4,427","4,155",743,"4,898",87,"4,340",59.4,36.9,44.2,1.0493,7.5726,0.4949,4,,8,632,161,471,161,0,471,,,,,95,52,1.86,,,,,,,"3,354","3,020","2,850","2,763","2,564",,,,,,,,82.1,"2,305","61,070","13,278","2,213",0,,107,-98,"2,654",9,"25,193"
1865,"76,771","4,577","3,975",768,"4,743",89,"4,488",59.4,35.1,44.4,1.0495,7.6155,0.4944,4,,8,600,164,436,164,0,436,,,,,114,71,1.86,,,,,,,"3,607","3,364","3,030","2,861","2,773",,,,,,,,80.2,"2,380","61,579","15,192","2,127",0,,193,-183,"2,471",10,"24,318"
1866,"77,884","4,684","3,592",779,"4,371",91,"4,593",59.4,34.1,44.6,1.0497,7.6584,0.4938,4,,8,587,167,420,167,0,420,,,,,96,32,1.86,,,,,,,"3,683","3,618","3,374","3,041","2,871",,,,,,,,78.1,"2,414","60,796","17,088","2,059",0,,"1,199","-1,189","1,282",10,"23,498"
1867,"81,124","4,824","3,465",811,"4,276",94,"4,730",59.5,32.7,44.7,1.0498,7.7013,0.4933,4,,8,582,175,407,175,0,407,,,,,153,133,1.86,,,,,,,"3,672","3,694","3,628","3,385","3,051",,,,,,,,76.5,"2,515","62,080","19,044","1,989",0,,-953,963,"2,245",10,"22,739"
1868,"84,622","5,030","3,612",846,"4,458",99,"4,931",59.5,31,44.9,1.0499,7.7442,0.4927,5,,8,563,178,385,178,0,385,,,,,153,32,1.86,,,,,,,"4,003","3,683","3,705","3,640","3,396",,,,,,,,75.1,"2,623","63,545","21,077","1,929",0,,-969,980,"3,225",11,"22,045"
1869,"88,432","5,260","3,896",884,"4,780",103,"5,157",59.6,29.4,45,1.05,7.7871,0.4922,9,,7,570,187,383,187,0,383,,,,,262,250,1.86,,,,,,,"4,326","4,015","3,695","3,717","3,651",,,,,,,,73.8,"2,741","65,234","23,198","1,877",0,,-907,918,"4,143",11,"21,407"
1870,"90,130","5,426","4,134",901,"5,035",105,"5,321",59.6,28.2,45.2,1.0501,7.83,0.4916,9,,7,558,195,363,195,0,363,,,,,275,46,1.86,,,,,,,"4,254","4,338","4,027","3,707","3,729",,,,,,,,71.9,"2,794","64,792","25,338","1,810",0,,"1,527","-1,515","2,628",12,"20,815"
1871,"95,596","5,692","4,303",956,"5,259",111,"5,581",60.1,26.8,44.7,1.0501,7.828,0.4903,9,,7,542,200,342,200,0,342,,,,,198,167,1.86,,,,,,,"4,077","4,267","4,351","4,040","3,720",,,,,,,,71.1,"2,963","67,974","27,622","1,769",0,,"-1,976","1,988","4,616",12,"20,269"
1872,"98,152","5,975","4,487",982,"5,469",114,"5,861",60.5,25.5,44.3,1.05,7.826,0.489,9,,7,553,206,347,206,0,347,,,,,278,132,1.86,,,,,,,"3,785","4,090","4,280","4,364","4,053",,,,,,,,69.5,"3,043","68,191","29,961","1,717",0,,"1,196","-1,183","3,433",13,"19,765"
1873,"101,538","6,209","4,638","1,015","5,653",118,"6,091",61,24.6,43.8,1.0499,7.824,0.4878,9,,7,561,213,348,213,0,348,,,,,155,35,1.86,,,,,,,"3,500","3,799","4,103","4,293","4,377",,,,,,,,68.1,"3,148","69,166","32,372","1,673",0,,594,-581,"2,852",13,"19,291"
1874,"103,916","6,439","4,746","1,039","5,785",121,"6,318",61.5,25.6,43.3,1.0498,7.822,0.4865,10,,7,525,216,309,216,0,309,,,,,124,98,1.86,,,,,,,"3,523","3,514","3,812","4,117","4,307",,,,,,,,66.5,"3,221","69,152","34,764","1,749",0,,"1,658","-1,645","1,207",13,"18,810"
1875,"107,167","6,658","4,887","1,072","5,959",125,"6,533",61.9,25.5,42.9,1.0496,7.82,0.4852,10,,7,524,222,302,222,0,302,,,,,274,197,1.86,,,,,,,"3,671","3,538","3,528","3,827","4,131",,,,,,,,65.3,"3,322","69,967","37,200","1,757",0,,951,-937,270,14,"18,344"
1876,"111,111","6,951","5,094","1,111","6,205",130,"6,821",62.5,25.7,42.4,1.0494,7.818,0.4839,10,,8,537,230,307,230,0,307,,,,,379,211,1.86,,,,,,,"3,955","3,686","3,553","3,543","3,841",,,,,,,,64.3,"3,444","71,423","39,688","1,804",0,,457,-443,-173,14,"17,886"
1877,"115,065","7,259","5,325","1,151","6,476",134,"7,125",63,25.4,41.9,1.0492,7.816,0.4826,20,,8,537,252,285,252,0,285,,,,,339,154,1.86,,,,,,,"4,196","3,971","3,702","3,568","3,558",,,,,,,,63.3,"3,567","72,818","42,247","1,818",0,,704,-689,-862,15,"17,446"
1878,"125,046","7,782","5,494","1,250","6,744",146,"7,636",63.6,24.2,41.4,1.0489,7.814,0.4814,21,,9,526,254,272,254,0,272,,,,,285,152,1.86,,,,,,,"4,368","4,213","3,987","3,718","3,584",,,,,,,,63.9,"3,876","79,945","45,101","1,857",0,,"-5,094","5,110","4,248",16,"17,039"
1879,"128,386","8,260","5,761","1,284","7,045",150,"8,110",64,22.8,41,1.0486,7.812,0.4801,22,,10,552,263,289,263,0,289,,,,,308,179,1.86,,,,,,,"4,556","4,385","4,230","4,005","3,735",,,,,,,,62.6,"3,980","80,333","48,053","1,809",0,,"1,896","-1,880","2,368",16,"16,666"
1880,"133,628","8,619","6,046","1,336","7,382",156,"8,463",64.6,22,40.5,1.0482,7.81,0.4788,23,,10,559,272,287,272,0,287,,,,,370,219,1.86,,,,,,,"4,712","4,574","4,403","4,248","4,022",,,,,,,,61.7,"4,142","82,490","51,138","1,778",0,,362,-345,"2,023",17,"16,316"
1881,"140,733","8,820","6,282","1,407","7,689",164,"8,656",63.1,21.3,41.1,1.0481,7.758,0.4778,23,,10,576,283,293,283,0,293,,,,,389,199,1.86,,,,,,,"4,826","4,731","4,592","4,422","4,266",,,,,,,,61.3,"4,363","86,321","54,412","1,791",0,,"-1,207","1,225","3,248",18,"15,986"
1882,"145,604","8,975","6,514","1,456","7,970",170,"8,805",61.5,20.5,41.8,1.048,7.706,0.4768,24,,10,583,292,291,292,0,291,,,,,405,237,1.86,,,,,,,"4,972","4,845","4,750","4,612","4,441",,,,,,,,60.3,"4,514","87,793","57,811","1,770",0,,"1,329","-1,310","1,938",19,"15,677"
1883,"151,593","9,108","6,735","1,516","8,251",177,"8,931",60.1,20,42.4,1.0479,7.654,0.4758,27,,11,609,317,292,317,0,292,,,,,451,248,1.86,,,,,,,"5,183","4,992","4,865","4,770","4,632",,,,,,,,59.5,"4,699","90,239","61,354","1,768",0,,494,-475,"1,463",19,"15,382"
1884,"158,242","9,294","7,031","1,582","8,613",185,"9,109",58.8,19.2,43,1.0477,7.602,0.4748,29,,13,636,340,296,340,0,296,,,,,421,205,1.86,,,,,,,"5,419","5,204","5,013","4,886","4,791",,,,,,,,58.9,"4,906","93,160","65,082","1,752",0,,212,-192,"1,271",20,"15,106"
1885,"164,130","9,428","7,341","1,641","8,982",192,"9,236",57.3,18.4,43.7,1.0475,7.55,0.4738,29,,12,659,348,311,348,0,311,,,,,409,235,1.86,,,,,,,"5,593","5,441","5,226","5,035","4,908",,,,,,,,58,"5,088","95,158","68,972","1,720",104,,"1,270","-1,249",22,21,"14,849"
1886,"166,653","9,457","7,865","1,667","9,532",195,"9,262",56,18.1,44.3,1.0473,7.498,0.4728,30,,12,657,342,315,342,0,315,,,,,413,209,1.86,,,,,,,"5,864","5,615","5,463","5,248","5,057",,,,,,,,56.3,"5,166","93,763","72,890","1,685",132,,"5,192","-5,170","-5,148",22,"14,602"
1887,"173,029","9,509","8,345","1,730","10,075",202,"9,307",54.8,17.5,44.9,1.0471,7.446,0.4718,31,,12,686,360,326,360,0,326,,,,,457,282,1.86,,,,,,,"6,155","5,887","5,639","5,486","5,271",,,,,,,,55.5,"5,364","96,051","76,978","1,650",351,,"1,698","-1,676","-6,823",22,"14,368"
1888,"180,294","9,680","8,707","1,803","10,510",211,"9,469",53.6,16.8,45.5,1.0468,7.394,0.4708,32,,13,709,373,336,373,0,336,,,,,487,242,1.86,,,,,,,"6,396","6,179","5,911","5,662","5,510",,,,,,,,54.9,"5,589","99,020","81,274","1,629",314,,"1,302","-1,279","-8,102",23,"14,149"
1889,"183,144","9,718","8,908","1,831","10,739",214,"9,504",52.3,16.5,46.2,1.0465,7.342,0.4698,32,,12,727,388,339,388,0,339,,,,,457,249,1.86,,,,,,,"6,635","6,421","6,203","5,935","5,687",,,,,,,,53.3,"5,677","97,534","85,610","1,598",361,,"5,930","-5,906","-14,008",24,"13,939"
1890,"188,263","9,709","9,064","1,883","10,947",220,"9,489",51.1,16.1,46.8,1.0462,7.29,0.4688,32,,12,725,395,330,395,0,330,,,,,495,283,1.86,,,,,,,"6,861","6,660","6,446","6,228","5,960",,,,,,,,52.2,"5,836","98,195","90,068","1,561",625,,"3,642","-3,618","-17,626",24,"13,738"
1891,"195,445","9,974","9,199","1,954","11,153",228,"9,746",50.8,15.6,46.9,1.046,7.229,0.4707,32,,12,741,409,332,409,0,332,,,,,571,331,1.86,,,,,,,"7,162","6,887","6,686","6,472","6,254",,,,,,,,51.5,"6,059","100,723","94,722","1,541",815,,"1,615","-1,590","-19,216",25,"13,548"
1892,"200,961","10,264","9,386","2,010","11,396",235,"10,029",50.6,15.2,46.9,1.0458,7.168,0.4726,33,,14,789,439,350,439,0,350,,,,,609,324,1.86,,,,,,,"7,478","7,189","6,914","6,712","6,498",,,,,,,,50.5,"6,230","101,449","99,512","1,521",886,,"3,473","-3,447","-22,663",26,"13,368"
1893,"214,534","10,680","9,524","2,145","11,669",251,"10,429",50.2,14.7,47,1.0456,7.107,0.4746,34,,15,807,451,356,451,0,356,,,,,596,317,1.86,,,,,,,"8,003","7,507","7,217","6,943","6,741",,,,,,,,51.2,"6,651","109,834","104,700","1,564",845,,"-4,313","4,340","-18,323",27,"13,198"
1894,"222,369","11,183","9,555","2,224","11,779",260,"10,923",50,13.9,47,1.0453,7.046,0.4765,34,,15,813,457,356,457,0,356,,,,,445,162,1.86,,,,,,,"8,491","8,033","7,536","7,247","6,972",,,,,,,,50.5,"6,893","112,231","110,138","1,533",809,,"1,602","-1,574","-19,896",28,"13,042"
1895,"231,116","11,539","9,610","2,311","11,921",270,"11,269",49.7,13.2,47.1,1.0451,6.985,0.4784,37,,15,835,479,356,479,0,356,,,,,640,526,1.86,,,,,,,"8,858","8,522","8,064","7,567","7,277",,,,,,,,49.9,"7,165","115,267","115,849","1,494",769,,911,-882,"-20,779",29,"12,898"
1896,"241,427","11,954","9,783","2,414","12,197",282,"11,672",49.4,12.8,47.1,1.0449,6.924,0.4803,37,,17,837,489,348,489,0,348,,,,,"1,183",746,1.86,,,,,,,"9,066","8,890","8,554","8,096","7,599",,,,,,,,49.5,"7,484","119,577","121,850","1,497",814,,-425,456,"-20,323",31,"12,763"
1897,"255,736","12,504","9,826","2,557","12,383",299,"12,205",49.1,12.6,47.2,1.0445,6.863,0.4822,37,,18,867,493,374,493,0,374,,,,,"1,551",922,1.86,,,,,,,"9,231","9,100","8,924","8,588","8,130",,,,,,,,49.9,"7,928","127,493","128,243","1,563",864,,"-4,353","4,385","-15,937",32,"12,634"
1898,"267,251","13,074","9,821","2,673","12,494",313,"12,761",48.8,12.3,47.2,1.0441,6.802,0.4842,40,,20,917,516,401,516,0,401,,,,,"1,734",943,1.86,,,,,,,"9,374","9,267","9,136","8,960","8,623",,,,,,,,49.5,"8,285","132,300","134,951","1,592",876,,"-1,489","1,523","-14,414",34,"12,512"
1899,"271,681","13,387","10,087","2,717","12,804",318,"13,069",48.5,12.3,47.3,1.0437,6.741,0.4861,40,,20,918,506,412,506,0,412,,,,,"1,862","1,059",1.86,,,,,,,"9,568","9,410","9,303","9,172","8,996",,,,,,,,47.8,"8,422","129,968","141,713","1,584",934,,"5,856","-5,821","-20,235",35,"12,393"
1900,"283,765","13,718","10,381","2,838","13,219",332,"13,386",48.2,11.8,47.3,1.0433,6.68,0.488,43,,20,967,529,438,529,0,438,"237,996","45,769",,,"1,725",796,1.86,,,,,,,"9,713","9,606","9,448","9,340","9,210",,,,,,,,47.5,"8,797","134,927","148,838","1,557",994,,"-1,416","1,452","-18,783",36,"12,282"
1901,"292,931","13,548","10,800","2,929","13,729",342,"13,206",45.8,11,49.1,1.0429,6.603,0.4865,50,,21,"1,019",577,442,577,0,442,"242,769","50,162",,,"1,226",522,1.86,,,,,,,"9,756","9,751","9,645","9,487","9,379",,,,,,,,46.6,"9,081","136,649","156,282","1,478","1,044",,"2,041","-2,004","-20,787",37,"12,183"
1902,"299,105","13,049","11,304","2,991","14,295",350,"12,699",42.9,10.1,51.6,1.0425,6.526,0.4849,50,,22,"1,076",595,481,595,0,481,"244,350","54,755",,,"1,274",848,1.86,,,,,,,"9,820","9,796","9,791","9,685","9,526",,,,,,,,45.2,"9,272","135,129","163,976","1,351","1,071",,"5,699","-5,661","-26,448",38,"12,097"
1903,"304,901","13,404","11,660","3,049","14,709",357,"13,047",43.2,10.5,50.55,1.042,6.449,0.4834,51,,23,"1,089",612,477,612,0,477,"245,352","59,549",,,"1,401",658,1.86,,,,,,,"10,000","9,860","9,837","9,832","9,725",,,,,,,,43.7,"9,452","133,195","171,706","1,386","1,185",,"6,342","-6,303","-32,751",39,"12,008"
1904,"324,289","14,567","12,082","3,243","15,325",379,"14,188",45.1,11.4,47.65,1.0416,6.372,0.4819,55,,21,"1,094",619,475,619,0,475,"267,814","56,475",,,"1,262",699,1.86,,,,,,,"10,055","10,043","9,903","9,880","9,875",,,,,,,,44.6,"10,053","144,487","179,802","1,600","1,289",,"-6,952","6,993","-25,757",41,"11,912"
1905,"332,048","14,631","12,633","3,320","15,953",388,"14,243",43.4,11,48.75,1.0412,6.295,0.4804,55,,22,"1,141",627,514,627,0,514,"270,679","61,369",,,"1,316",716,1.86,,,,,,,"10,061","10,099","10,087","9,947","9,924",,,,,,,,43.3,"10,293","143,931","188,117","1,563","1,330",,"5,301","-5,258","-31,015",43,"11,823"
1906,"345,014","14,858","13,206","3,450","16,656",403,"14,455",42.7,10.9,48.85,1.0407,6.218,0.4788,55,,22,"1,177",636,541,636,0,541,"281,440","63,574",,,"1,610","1,015",1.86,,,,,,,"10,340","10,107","10,145","10,133","9,993",,,,,,,,43,"10,695","148,252","196,762","1,587","1,337",,766,-722,"-31,737",44,"11,738"
1907,"357,913","15,532","13,522","3,579","17,101",419,"15,113",43,11.4,47.75,1.0402,6.141,0.4773,55,,22,"1,192",634,558,634,0,558,"292,134","65,779",,,"1,809",930,1.86,,,,,,,"10,645","10,387","10,154","10,193","10,181",,,,,,,,42.6,"11,095","152,299","205,614","1,707","1,350",,"1,145","-1,099","-32,836",46,"11,650"
1908,"371,472","15,096","13,857","3,715","17,572",435,"14,661",40.2,10.3,51.15,1.0402,6.064,0.4758,59,,22,"1,261",666,595,666,0,595,"303,489","67,983",,,"1,720",919,1.86,,,,,,,"11,069","10,695","10,437","10,204","10,242",,,,,,,,42.1,"11,516","156,460","215,012","1,581","1,548",,884,-837,"-33,673",47,"11,577"
1909,"377,279","15,079","13,679","3,773","17,452",441,"14,638",39.1,10,52.15,1.0391,5.987,0.4742,60,,21,"1,274",684,593,681,3,590,"310,281","66,998",455,,"1,798","1,014",1.86,,,,,,,"11,586","11,119","10,745","10,487","10,254",,,38.5,26.1,,,,38.5,"28,619","145,252","232,027","1,441","1,654",,"8,550","-8,501","-42,174",49,"11,510"
1910,"398,478","15,205","11,917","3,985","15,902",466,"14,739",38,9,50.1,1.038,5.91,0.4727,62,,21,"1,310",699,614,696,3,611,"321,631","69,102",461,,"2,028",933,1.86,,,,,,,"11,956","11,639","11,172","10,798","10,540",,,38,26,,,,38,"11,693","151,422","247,056","1,327","1,680",,"-8,304","8,354","-33,820",50,"11,456"
1911,"407,291","15,786","11,459","4,073","15,532",476,"15,310",38,8.6,52.65,1.038,4.22,0.4738,62,,21,"1,338",706,641,697,9,632,"332,980","71,207",475,,"1,632",822,1.86,,,,,,,"12,384","12,010","11,693","11,226","10,852",,100,36.8,25.1,,,,36.8,"20,123","149,883","257,408","1,275","1,699",,"3,745","-3,693","-37,513",52,"11,409"
1912,"417,555","15,955","11,002","4,176","15,178",489,"15,466",37.5,8.95,53.7,1.0375,4.24,0.4749,65,,22,"1,363",716,665,698,18,647,"344,329","76,802",487,,"1,480",769,1.86,,,,,,,"12,941","12,439","12,066","11,748","11,282",,100,35.9,25.5,,,,35.9,"18,787","149,902","267,653","1,325","1,757",,"1,832","-1,778","-39,291",54,"11,360"
1913,"431,607","16,214","10,544","4,316","14,860",505,"15,709",37,9.3,52.65,1.037,4.09,0.476,66,,22,"1,399",749,675,724,27,650,"355,679","79,007",482,,"2,000",858,1.87,,,,,"1,895",105,"13,522","12,999","12,497","12,123","11,806",70,100,36.3,25.1,,,0.1,36.3,"12,326","156,673","274,934","1,433","1,732",,"-2,357","2,412","-36,879",55,"11,309"
1914,"454,718","14,717","10,395","4,547","14,942",532,"14,185",39.5,8.3,54.4,1.0395,4.5,0.4771,68,,21,"1,373",772,634,739,33,601,"367,028","77,520",485,,"1,431",684,1.85,,648,36,,"1,316",115,"13,855","13,582","13,059","12,557","12,184",80,81,36.1,25,,10.3,0.2,36.1,"10,456","164,153","290,565","1,328","1,692",,"-11,189","11,247","-25,632",58,"11,273"
1915,"466,238","15,029","10,247","4,662","14,909",545,"14,484",40.2,8.3,54.65,1.0402,4.59,0.4782,72,,21,"1,391",783,594,797,36,608,"378,377","79,625",464,,"1,201",621,1.84,,571,50,,"1,091",110,"14,199","13,917","13,644","13,121","12,619",90,78.2,37.7,25.7,,8.8,0.2,37.7,"6,631","175,772","290,466","1,441","1,608",,340,-280,"-25,912",60,"11,239"
1916,"477,321","15,340","10,098","4,773","14,871",558,"14,782",38.6,8.2,51.95,1.0386,4.18,0.4792,73,,22,"1,367",808,598,769,39,559,"389,726","85,621",494,,"1,242",722,1.85,,656,66,,"1,128",114,"14,046","14,263","13,981","13,708","13,185",337,81.2,35.4,25.3,,9.8,0.6,35.4,"25,544","168,972","308,349","1,369","1,629",,790,-729,"-26,641",61,"11,207"
1917,"488,038","15,652","9,950","4,880","14,830",571,"15,081",37,8.1,51.2,1.037,3.94,0.4803,75,,22,"1,453",875,620,833,42,578,"401,076","87,826",469,,"1,157",543,1.83,,493,50,,"1,050",107,"13,566","14,111","14,328","14,046","13,772",703,84.4,37.3,25.2,,7,1.3,37.3,"6,008","182,038","306,000","1,458","1,546",,"1,109","-1,046","-27,687",63,"11,179"
1918,"495,962","15,963","9,801","4,960","14,761",580,"15,383",37.3,11.69,39.4,1.0373,3.05,0.4814,75,,22,"1,452",893,604,848,45,559,"412,425","90,031",473,,693,245,1.76,,222,23,,628,65,"13,942","13,632","14,177","14,394","14,112","1,030",83.8,37,24.5,,3.1,1.8,37,"17,327","183,506","312,456","2,128","1,521",,"3,188","-3,124","-30,810",64,"11,112"
1919,"507,961","17,456","11,669","5,080","16,749",594,"16,862",37.7,8.7,54.75,1.0377,4.28,0.4825,79,,23,"1,442",888,602,840,48,554,"423,774","96,428",490,,"1,398","1,211",1.92,,"1,097",114,,"1,267",131,"15,111","14,010","13,700","14,245","14,461","1,528",89.1,35.7,25.2,,14.8,2.7,35.7,"23,141","181,342","326,619","1,559","1,522",,"1,669","-1,604","-32,415",65,"11,080"
1920,"525,987","18,948","13,536","5,260","18,796",615,"18,333",38,9,54.1,1.038,4.25,0.4836,83,,24,"1,527",904,674,853,51,623,"435,124","103,026",495,,"2,006",889,1.91,,806,83,,"1,817",189,"15,194","15,181","14,079","13,770","14,315","3,272",93.3,35.4,25.8,,10.8,5.6,35.4,"17,704","186,199","339,788","1,647","1,500",,"-2,377","2,444","-29,971",67,"11,047"
1921,"548,803","20,441","15,404","7,113","22,517",832,"19,609",37.3,8.2,60.9,1.0373,4.69,0.484,86,,25,"1,598",933,719,879,54,665,"446,473","109,824",492,,"1,688",880,2.01,,797,83,,"1,528",160,"15,458","15,289","15,276","14,174","13,865","2,982",97.8,35.6,26,,11,5,35.6,"16,810","195,374","353,429","1,569","1,468",,"-3,336","3,406","-26,564",70,"11,026"
1922,"566,358","19,703","14,440","6,376","20,816",746,"18,957",36,8.3,59.7,1.036,4.44,0.4845,87,,25,"1,607",946,724,883,61,661,"457,822","112,329",501,,"1,775",886,2.21,,802,84,,"1,606",169,"16,157","15,543","15,374","15,361","14,259","3,040",94.4,34.9,25.7,,11.1,4.9,34.9,"22,179","197,659","368,699","1,615","1,459",,187,-115,"-26,679",72,"11,006"
1923,"575,896","19,199","13,020","7,492","20,512",877,"18,322",35,7.2,57.3,1.035,4.14,0.4849,90,,26,"1,659",962,763,896,66,697,"469,172","119,428",504,,"1,881",812,2.24,,735,77,,"1,700",181,"15,758","16,256","15,643","15,473","15,460","4,976",91.7,34.7,25.9,,9.6,7.9,34.7,"23,087","199,836","376,060","1,427","1,440",,"8,107","-8,033","-34,712",74,"11,000"
1924,"597,861","19,955","14,047","7,556","21,603",884,"19,071",33,7.3,59.8,1.033,4.07,0.4854,94,,25,"1,685",969,778,907,70,716,"480,521","117,340",509,,"1,871",867,2.58,,784,83,,"1,690",181,"15,787","15,859","16,357","15,743","15,574","6,401",98.5,34.4,26.4,,9.8,10,34.4,"20,209","205,664","392,197","1,474","1,425",,"-3,261","3,337","-31,374",76,"10,995"
1925,"613,572","20,233","14,390","6,373","20,763",746,"19,487",32,6.7,59.1,1.032,3.89,0.4858,94,,28,"1,705",985,796,909,76,720,"490,381","123,191",517,,"2,500","1,131",1.91,,"1,022",109,,"2,257",243,"15,925","15,872","15,943","16,442","15,828","8,527",100,33.8,25.9,,12.7,13.3,33.8,"23,511","207,387","406,185","1,372","1,418",,"2,262","-2,183","-33,558",79,"11,000"
1926,"623,909","19,701","15,024","6,663","21,687",780,"18,921",31,7.7,56.75,1.031,3.62,0.4862,96,,28,"1,731",992,816,915,77,739,"500,240","123,669",524,,"2,260","1,236",1.94,,"1,116",120,,"2,039",221,"16,532","16,013","15,961","16,032","16,530","10,376",98.6,33.4,25.9,,13.4,16.1,33.4,"23,774","208,386","415,523","1,591","1,407",,"8,352","-8,272","-41,829",80,"10,995"
1927,"644,745","19,209","14,604","6,367","20,971",745,"18,464",30,7.5,60.55,1.03,3.73,0.4867,99,,28,"1,763","1,005",825,938,72,758,"510,100","134,645",523,,"2,173","1,017",1.99,,918,99,,"1,959",214,"16,720","16,617","16,098","16,045","16,117","10,835",97,33.5,26.2,,11,16.5,33.5,"16,378","215,990","428,755","1,594","1,388",,"-2,847","2,929","-38,901",82,"10,994"
1928,"655,686","19,223","15,073","6,040","21,113",707,"18,516",29.9,7.8,56.95,1.0299,3.5,0.4871,101,,29,"1,817","1,004",879,938,66,813,"519,960","135,726",535,,"2,197","1,193",1.98,,"1,076",117,,"1,979",218,"16,989","16,801","16,697","16,178","16,126","11,991",95.2,32.7,26.2,,13,18,32.7,"25,186","214,409","441,277","1,658","1,388",,"7,126","-7,041","-45,942",85,"10,993"
1929,"663,652","19,071","15,468","6,511","21,979",762,"18,309",29,7.8,57.25,1.029,3.4,0.4876,104,,30,"1,827","1,004",897,930,74,823,"529,820","133,832",547,,"2,226","1,058",2.09,,953,105,,"2,004",222,"15,498","17,076","16,887","16,784","16,265","12,902",95.7,32,26.5,,11.5,19.5,32,"25,975","212,369","451,283","1,647","1,387",,"10,979","-10,893","-56,835",86,"10,993"
1930,"670,017","20,021","15,313","6,758","22,071",791,"19,230",29.7,7.6,59.85,1.0297,3.64,0.488,104,246,30,"1,868","1,000",942,926,74,868,"539,679","130,338",560,,"2,048",896,2.14,,807,89,,"1,842",206,"15,829","15,588","17,166","16,977","16,874","25,993",97.1,31.3,26,,9.5,39.6,31.3,"27,847","209,715","460,302","1,586","1,387",,"12,733","-12,646","-69,482",87,"10,996"
1931,"688,435","19,804","15,283","7,596","22,879",889,"18,915",29,6.6,61.25,1.029,3.64,0.4886,104,266,31,"1,865","1,004",931,934,70,861,"549,539","138,896",566,,"1,703",678,2.27,,610,68,,"1,531",172,"16,170","15,930","15,689","17,267","17,078","27,075",96,30.9,25.5,,7,41.6,30.9,"23,004","212,726","475,709","1,385","1,381",,"1,695","-1,607","-71,088",88,"11,011"
1932,"703,949","19,722","15,283","7,825","23,108",916,"18,806",28.3,7,62.25,1.0283,3.6,0.4891,104,216,31,"1,879","1,012",943,936,76,867,"559,399","144,550",574,,"1,260",399,2.35,,359,40,,"1,132",128,"16,513","16,274","16,034","15,793","17,371","29,427",95.5,30.5,25.1,,4.1,45.5,30.5,"24,083","214,704","489,245","1,486","1,377",,"4,731","-4,640","-75,729",91,"11,024"
1933,"717,619","19,528","15,480","7,889","23,369",923,"18,605",27.3,6.7,63.4,1.0273,3.53,0.4897,105,206,31,"1,889","1,014",954,935,79,875,"569,258","148,361",583,,"1,063",525,2.03,,472,53,,954,109,"16,857","16,618","16,379","16,139","15,898","33,978",95.9,30,24.9,,5.6,51.5,30,"25,406","215,286","502,333","1,429","1,399",,"6,871","-6,779","-82,508",92,"11,042"
1934,"730,738","20,103","14,753","7,407","22,160",867,"19,236",27.7,7.1,61.3,1.0277,3.46,0.4903,110,202,31,"1,927","1,035",973,954,81,892,"579,118","151,620",581,,"1,383",843,1.97,,757,86,,"1,240",143,"18,371","16,956","16,717","16,478","16,238","34,337",95.9,30.1,25.6,,9.2,50.1,30.1,"21,296","219,952","510,786","1,548","1,419",,"6,074","-5,980","-88,488",94,"11,057"
1935,"746,384","20,973","14,249","7,535","21,784",882,"20,091",27.9,7.3,61.9,1.0279,3.52,0.4909,115,209,32,"1,964","1,064",987,977,87,900,"595,071","151,313",582,,"1,775",960,2.08,,861,99,,"1,591",184,"19,877","18,471","17,056","16,817","16,578","30,789",97.5,30.1,26.1,,10.3,42.6,30.1,"22,175","224,662","521,722","1,623","1,572",,"2,943","-2,847","-91,335",96,"11,072"
1936,"760,690","20,499","14,034","7,081","21,115",829,"19,670",30.6,7.2,58.6,1.0306,3.65,0.4914,118,219,33,"2,014","1,081","1,013","1,001",80,933,"607,202","153,488",582,,"1,940",899,2.12,,806,93,,"1,737",203,"21,178","19,971","18,566","17,150","16,911","28,884",85.3,30.1,26.2,,9.5,37.6,30.1,"21,641","228,968","531,722","1,633","1,602",,"3,574","-3,476","-94,811",98,"11,090"
1937,"767,752","21,005","14,631","7,322","21,953",857,"20,148",30.9,6.9,60.2,1.0309,3.78,0.492,118,235,35,"2,052","1,101","1,035","1,017",84,951,"616,088","151,664",581,,"2,083","1,079",2.03,,966,113,,"1,864",219,"20,528","21,275","20,068","18,663","17,248","27,043",85.3,30.1,25.9,,11.1,33.6,30.1,"24,615","231,093","536,659","1,587","1,693",,"11,611","-11,512","-106,323",99,"11,112"
1938,"784,764","22,122","15,613","8,259","23,872",967,"21,155",30.9,6.8,63.6,1.0309,3.99,0.4926,126,243,36,"2,084","1,137","1,048","1,036",101,947,"632,994","151,770",582,,"2,257","1,146",1.93,,"1,026",120,,"2,018",239,"19,919","20,638","21,385","20,178","18,773","30,789",88.2,30.1,26.9,,11.2,37.5,30.1,"23,671","236,214","548,550","1,589","2,048",,"3,223","-3,122","-109,445",101,"11,137"
1939,"803,528","20,988","15,199","7,945","23,144",930,"20,058",31.5,6.5,63.75,1.0315,4.07,0.4931,129,250,35,"2,156","1,154","1,101","1,055",99,"1,002","645,618","157,910",584,,"2,150","1,088",1.94,,973,115,,"1,920",230,"20,674","20,024","20,744","21,491","20,284","26,120",80.2,30,27,,9.8,31.5,30,"22,540","241,058","562,470","1,549","2,402",,429,-326,"-109,770",103,"11,167"
1940,"862,664","21,544","14,412","7,877","22,289",922,"20,622",31.9,6.5,63,1.0319,4.07,0.4937,134,250,35,"1,919","1,191",846,"1,073",118,728,"703,017","159,647",620,,"2,216","1,194",1.93,,"1,066",128,,"1,978",238,"21,094","20,779","20,129","20,848","21,596","25,629",77.6,28.2,25.7,,10.1,30.9,28.2,"25,681","243,271","619,393","1,527","2,702",,"-41,076","41,184","-68,587",108,"11,202"
1941,"892,080","22,629","15,141","7,555","22,696",884,"21,745",33.2,5.5,64.95,1.0332,4.37,0.4939,139,250,36,"1,981","1,224",875,"1,106",118,757,"736,544","155,536",631,,"2,367","1,257",1.93,,"1,122",135,,"2,111",256,"20,546","21,195","20,879","20,230","20,949","26,128",74.7,27.7,25.5,,10.4,31.5,27.7,"25,012","247,106","644,974","1,337","2,823",,"-10,880","10,994","-57,592",114,"11,254"
1942,"917,715","23,808","14,475","11,547","26,022","1,352","22,456",34.3,6,66.3,1.0343,4.6,0.494,143,,37,"2,018","1,242",890,"1,128",114,776,"754,826","162,889",636,,"1,802",629,1.94,,561,68,,"1,605",197,"20,155","20,700","21,349","21,033","20,383","27,456",72.4,27.5,25.6,,5.4,33,27.5,"28,596","252,372","665,343","1,493","2,906",,"-4,012","4,130","-53,462",118,"11,304"
1943,"937,050","26,361","14,485","6,772","21,257",793,"25,568",38.1,5.7,63.4,1.0381,4.89,0.4942,146,,38,"2,068","1,261",931,"1,137",124,807,"774,161","162,889",644,,852,261,1.2,,232,29,,758,94,"20,214","20,245","20,790","21,439","21,123","25,478",72.4,27.2,25.5,,2.2,30.8,27.2,"29,189","254,878","682,172","1,438","2,846",,"-2,362","2,483","-50,979",121,"11,360"
1944,"954,004","27,522","16,511","5,493","22,004",643,"26,879",36.2,6.4,65.2,1.0362,4.77,0.4943,148,,38,"2,046","1,273",896,"1,150",128,773,"792,362","161,642",651,,478,427,1.45,,380,47,,425,53,"20,001","20,287","20,318","20,863","21,512","21,428",78.5,26.9,25.2,,3.5,26.3,26.9,"29,638","256,627","697,377","1,628","3,085",,337,-214,"-51,193",123,"11,410"
1945,"979,454","24,779","16,106","4,957","21,063",580,"24,199",32.1,6.4,65.75,1.0321,4.27,0.4945,153,,38,"2,204","1,295","1,030","1,174",121,909,"811,045","168,409",656,,592,400,3.29,,356,44,,526,66,"20,903","20,067","20,353","20,384","20,929","22,295",78,26.7,25.5,,3.3,27.3,26.7,"23,197","261,514","717,940","1,652","3,406",,"-9,445","9,571","-41,622",126,"11,462"
1946,"996,505","26,163","17,579","5,929","23,508",694,"25,469",33.8,5.9,66.9,1.0338,4.57,0.4947,161,,39,"2,299","1,340","1,079","1,220",120,959,"823,819","172,686",643,,"3,213","2,297",1.87,,"2,041",256,,"2,852",361,"20,579","20,981","20,146","20,432","20,463","22,629",76.3,27.2,26.4,,19.5,27.5,27.2,"20,971","271,049","725,456","1,586","3,381",,"1,490","-1,362","-42,984",128,"11,522"
1947,"1,016,170","36,458","18,264","10,471","28,735","1,226","35,232",43.9,5.8,67.05,1.0439,5.95,0.4948,169,,43,"2,574","1,425","1,281","1,293",132,"1,149","843,021","173,149",619,,"4,132","2,132",2.22,,"1,892",240,,"3,664",468,"20,508","20,718","21,121","20,285","20,571","23,732",79.7,28.3,27.1,,18.3,28.7,28.3,"28,750","287,576","728,594","1,652","3,356",,"4,062","-3,931","-46,916",131,"11,586"
1948,"1,041,970","34,571","19,099","11,356","30,455","1,329","33,242",38.95,6.37,67.25,1.03895,5.29,0.495,172,,44,"2,774","1,451","1,461","1,313",138,"1,323","854,099","187,871",617,,"4,759","2,161",1.98,,"1,916",245,,"4,216",543,"20,354","20,659","20,869","21,272","20,436","25,060",82.9,28.4,27.2,,18.5,30.1,28.4,"35,722","295,919","746,051","1,862","3,539",,-746,880,"-46,036",134,"11,646"
1949,"1,078,671","36,885","20,534","16,261","36,795","1,904","34,981",38.43,5.97,67.95,1.03843,5.27,0.4951,175,,46,"2,828","1,501","1,471","1,357",144,"1,327","876,661","202,010",612,,"4,477","2,363",1.97,,"2,093",270,,"3,963",514,"21,096","20,571","20,876","21,085","21,488","24,903",85.8,28.6,26.9,,19.8,29.8,28.6,"38,755","308,500","770,171","1,810","3,690",,"-5,406","5,544","-40,491",138,"11,714"
1950,"1,111,314","37,444","22,808","14,700","37,508","1,721","35,723",37.34,5.95,68.35,1.03734,5.15,0.4953,180,,43,"2,911","1,541","1,515","1,396",145,"1,370","898,478","212,836",611,,"5,313","3,015",2.08,,"2,669",346,,"4,698",615,"22,054","21,292","20,766","21,071","21,281","26,488",87.4,28.6,27,,24.7,31.1,28.6,"40,945","317,836","793,478","1,863","3,779",,-777,919,"-39,572",142,"11,786"
1951,"1,147,157","39,658","23,205","17,175","40,380","2,011","37,647",37.81,5.93,68.5,1.03781,5.22,0.4958,191,,42,"3,080","1,666","1,589","1,491",175,"1,414","933,792","213,365",590,,"5,065","1,801",2.12,,"1,593",208,,"4,474",591,"21,760","22,282","21,520","20,995","21,300","28,677",88.2,29.7,27.6,,14.8,33.1,29.7,"31,974","340,706","806,451","1,989","4,179",,"-1,631","1,778","-37,794",147,"11,863"
1952,"1,189,053","43,114","25,896","16,813","42,709","1,968","41,146",39.34,5.85,68.7,1.03934,5.45,0.4963,202,,43,"3,318","1,767","1,753","1,565",202,"1,551","974,118","214,935",583,,"2,897",872,2.14,,770,102,,"2,557",340,"22,365","21,984","22,506","21,744","21,218","29,812",89.5,30,28,,7.2,33.6,30,"41,867","356,716","832,337","2,050","4,665",,"-5,902","6,054","-31,741",152,"11,945"
1953,"1,246,362","44,535","25,771","16,436","42,207","1,924","42,611",39.24,5.68,69,1.03924,5.45,0.4968,211,,42,"3,283","1,884","1,628","1,655",229,"1,399","1,034,381","211,981",583,,"2,742","1,750",2.05,,"1,545",205,,"2,417",325,"23,490","22,584","22,202","22,725","21,962","32,076",89.2,30,27.5,,14.2,35.2,30,"41,703","373,909","872,453","2,075","4,764",,"-21,941","22,099","-9,642",158,"12,035"
1954,"1,302,240","48,057","27,223","18,573","45,796","2,174","45,883",39.46,5.46,69.75,1.03946,5.53,0.4973,219,,42,"3,469","1,993","1,712","1,757",236,"1,476","1,079,583","222,657",574,"368,248","3,868","2,022",2.12,,"1,782",240,,"3,406",462,"22,527","23,737","22,831","22,449","22,972","34,467",91.2,30.5,27.4,28.9,15.8,37.7,28.9,"62,181","376,347","925,893","2,011","4,915",,"-17,008","17,174","7,532",166,"12,135"
1955,"1,357,274","48,421","32,807","21,669","54,476","2,537","45,884",37.64,5.53,69.75,1.03764,5.27,0.4979,224,,44,"3,553","1,082","1,718","1,835",247,"1,471","1,126,265","231,009",574,"388,433","4,687","2,414",2.05,,"2,126",288,,"4,123",564,"23,277","22,816","24,026","23,119","22,738","37,434",91.7,30.5,26.8,29.2,18.5,40.1,29.2,"47,966","396,324","960,950","2,147","4,972",,"-7,677","7,850","15,383",173,"12,240"
1956,"1,416,731","49,861","33,534","25,181","58,715","2,948","46,913",36.6,5.27,69.8,1.0366,5.13,0.4984,239,,45,"4,064","2,210","2,117","1,947",263,"1,854","1,177,856","238,875",565,"478,423","5,103","2,572",2.12,,"2,263",309,,"4,484",619,"24,635","23,612","23,151","24,361","23,454","38,285",92.4,31,27.4,34.5,19.5,40,34.5,"-19,928","488,772","927,959","2,522","5,291",,"-8,555","8,735","24,117",180,"12,355"
1957,"1,488,314","51,044","33,245","30,129","63,374","3,528","47,516",34.92,5.38,69.55,1.03492,4.87,0.4989,251,,45,"4,102","2,362","2,021","2,081",281,"1,740","1,233,397","254,917",554,"548,318","5,387","2,518",2.08,,"2,213",305,,"4,728",659,"25,658","25,036","24,013","23,551","24,761","40,247",93.7,31.6,27.5,37.7,18.3,41,37.7,"5,905","561,094","927,220","2,946","5,124",,"-16,279","16,468","40,585",189,"12,477"
1958,"1,555,799","52,885","36,135","33,330","69,465","3,902","48,983",35,5.54,69.75,1.035,4.89,0.4994,273,,47,"4,270","2,513","2,065","2,205",308,"1,757","1,292,098","263,701",546,"566,216","5,485","2,778",1.96,,"2,438",340,,"4,809",676,"29,064","26,101","25,479","24,456","23,995","44,871",91.9,32.1,28.5,37.2,20,42.7,37.2,"65,415","578,757","977,042","3,137","5,329",,"-6,486","6,684","47,270",198,"12,605"
1959,"1,616,088","53,399","39,201","33,060","72,261","3,871","49,528",34,5.5,70,1.034,4.76,0.4999,290,,50,"4,509","2,614","2,200","2,309",305,"1,895","1,336,675","279,413",542,"594,978","5,500","2,847",2.05,,"2,496",351,,"4,817",683,"30,739","29,504","26,541","25,919","24,896","52,167",91.9,32.3,29.3,37.5,20.4,46.3,37.5,"55,912","606,033","1,010,055","3,271","5,323",,"3,378","-3,172","44,098",206,"12,741"
1960,"1,693,180","54,173","42,189","48,586","90,775","5,689","48,484",34.62,5.33,69.85,1.03462,4.83,0.5004,319,,58,"4,693","2,882","2,189","2,504",378,"1,811","1,408,772","284,408",522,"608,000","7,683","4,706",1.98,,"4,122",584,,"6,721",962,"28,647","31,385","30,150","27,187","26,565","58,855",84.6,33.5,30.6,36.7,32.1,50.1,36.7,"84,158","621,397","1,071,783","3,237","5,306",,"5,140","-4,925","39,173",215,"12,888"
1961,"1,823,661","55,040","46,365","88,807","135,172","10,399","44,641",32.2,5.68,70.3,1.0322,4.52,0.501,345,,67,"5,015","3,143","2,324","2,691",452,"1,872","1,514,551","309,110",518,"680,999","10,383","5,793",2.07,,"5,068",725,,"9,072","1,311","31,047","29,828","32,566","31,331","28,368","62,253",78.8,33.8,30.8,38.7,37,49.9,38.7,"55,622","705,757","1,117,904","3,865","5,146",,"-4,320","4,549","43,722",229,"13,043"
1962,"1,965,786","58,316","46,907","115,834","162,741","13,564","44,752",33.16,5.42,70.1,1.03316,4.64,0.5015,364,,74,"5,225","3,423","2,334","2,891",532,"1,802","1,629,965","335,821",515,"738,363","11,818","5,630",2.04,,"4,919",711,,"10,313","1,505","42,289","32,588","31,368","34,106","32,872","72,197",71.2,34,30.1,39,32.2,51.4,39,"109,245","766,657","1,199,129","4,005","5,026",,"11,585","-11,339","32,382",246,"13,218"
1963,"2,117,451","56,205","49,640","105,210","154,850","12,320","43,885",34.56,5.09,70,1.03456,4.82,0.5021,389,,77,"5,397","3,615","2,348","3,049",566,"1,782","1,736,567","380,884",520,"758,335","11,653","5,781",1.95,,"5,045",736,,"10,157","1,496","41,574","43,688","33,987","32,768","35,506","81,412",62.2,33.7,30.2,37.1,29.6,53.6,37.1,"138,643","785,574","1,331,877","3,855","5,296",,"-5,966","6,231","38,613",265,"13,415"
1964,"2,234,916","56,597","49,094","93,483","142,577","10,946","45,651",30.14,5.17,70.3,1.03014,4.22,0.5026,400,,79,"5,765","3,749","2,605","3,160",589,"2,016","1,801,571","433,345",520,"807,659","11,371","5,886",1.84,,"5,130",756,,"9,898","1,473","44,424","42,817","44,931","35,230","34,011","91,236",69.6,33.7,30,37.1,29.7,54.5,37.1,"102,326","829,154","1,405,762","4,174","4,875",,"16,063","-15,780","22,834",283,"13,628"
1965,"2,395,932","61,216","49,413","82,455","131,868","9,655","51,561",27.23,5.17,70.25,1.02723,3.8,0.5032,412,,76,"6,034","3,897","2,733","3,301",596,"2,137","1,977,418","418,514",548,"825,455","12,108","7,139",1.67,,"6,214",925,,"10,526","1,582","46,065","45,520","43,914","46,028","36,327","97,314",81.8,31.9,28.1,35.7,35.6,53.6,35.7,"113,203","855,348","1,540,584","4,274","4,790",,"-38,212","38,513","61,347",301,"13,858"
1966,"2,480,899","50,824","48,273","68,843","117,116","8,061","42,763",25.23,5.07,70.25,1.02523,3.52,0.5038,425,,75,"6,075","4,022","2,666","3,409",613,"2,053","2,032,359","448,540",545,"847,861","11,824","7,021",1.67,,"6,104",917,,"10,266","1,558","48,733","46,980","46,436","44,829","46,944","103,500",69.5,32.1,28.2,34.8,29.5,55.4,34.8,"107,360","863,353","1,617,546","4,302","4,647",,"23,200","-22,883","38,464",317,"14,104"
1967,"2,614,340","56,387","53,591","62,280","115,871","7,292","49,095",27.55,5.05,70.6,1.02755,3.86,0.5043,448,,77,"6,153","4,166","2,609","3,544",622,"1,987","2,144,766","469,574",555,"777,354","11,202","6,475",1.66,,"5,622",853,,"9,713","1,489","52,854","49,562","47,808","47,264","45,658","110,754",69.9,31.5,28.2,30.5,24.5,56.1,30.5,"180,722","797,374","1,816,966","3,924","4,694",,"-26,188","26,519","64,982",331,"14,363"
1968,"2,684,073","57,992","53,482","64,021","117,503","7,496","50,496",27.49,5.17,70.3,1.02749,3.83,0.5049,473,,83,"6,497","4,385","2,776","3,721",664,"2,112","2,207,976","476,097",543,"878,901","11,469","7,178",1.68,,"6,224",954,,"9,931","1,538","54,989","53,705","50,413","48,660","48,116","118,567",69.3,32.2,28.9,33.2,26.8,57.1,33.2,"23,728","891,112","1,792,961","4,547","4,201",,"39,022","-38,678","26,305",344,"14,632"
1969,"2,807,456","62,113","54,606","70,010","124,616","8,198","53,915",28.18,5.04,70.55,1.02818,3.93,0.5054,496,,88,"6,608","4,592","2,698","3,910",682,"2,016","2,344,635","462,821",550,"889,778","11,882","6,967",1.68,,"6,033",934,,"10,275","1,607","59,070","55,920","54,636","51,344","49,591","126,727",69.7,31.8,28.6,32.4,25,57.4,32.4,"109,135","909,616","1,897,840","4,484","4,209",,"-7,460","7,817","34,122",357,"14,915"
1970,"2,930,810","65,981","55,210","79,126","134,336","9,265","56,716",28.41,4.78,70.9,1.02841,3.98,0.506,537,,92,"6,865","4,922","2,707","4,158",764,"1,943","2,485,525","445,285",546,"818,738","12,301","7,590",1.69,,"6,563","1,027",,"10,622","1,679","60,007","60,123","56,973","55,689","52,397","132,053",69.6,32.1,29.2,28.5,26.1,56.7,28.5,"215,533","835,281","2,095,529","3,909","4,593",,"2,480","-2,107","32,015",373,"15,216"
1971,"3,090,953","68,659","53,524","83,514","137,038","9,779","58,880",28.5,4.92,71.2,1.0285,4.01,0.5058,562,,98,"7,077","5,135","2,735","4,342",793,"1,942","2,622,439","468,514",552,,"13,544","8,344",1.7,,"7,205","1,139",,"11,679","1,865","61,970","61,118","61,234","58,083","56,799","141,514",68.6,31.7,28.9,,26.7,58.4,31.7,"2,926","979,832","2,111,121","4,696","4,615",,"-32,416","32,807","64,823",391,"15,532"
1972,"3,227,790","69,695","58,343","91,237","149,580","10,683","59,012",26.43,4.74,71.25,1.02643,3.72,0.5056,592,,101,"7,285","5,394","2,920","4,365","1,029","1,891","2,716,769","511,021",555,,"13,704","7,874",1.69,,"6,790","1,084",,"11,800","1,904","63,543","63,184","62,331","62,447","59,297","155,082",70.7,31.5,29.4,,23.7,61.7,31.5,"119,293","1,016,754","2,211,036","4,717","4,827",,"3,199","-2,788","62,035",411,"15,869"
1973,"3,321,556","68,623","48,578","79,603","128,181","9,321","59,302",25.64,4.91,71.45,1.02564,3.62,0.5054,630,,108,"7,524","5,707","2,944","4,580","1,127","1,817","2,856,210","465,346",553,,"14,917","9,471",1.72,,"8,155","1,316",,"12,825","2,092","65,738","64,602","64,242","63,390","63,506","165,310",70.6,31.6,29.8,,26.9,64.1,31.6,"110,287","1,049,612","2,271,944","5,081","4,970",,"24,364","-23,938","38,097",426,"16,217"
1974,"3,385,909","72,717","47,234","69,018","116,252","8,082","64,635",26.11,4.5,72.05,1.02611,3.72,0.5052,675,,113,"7,773","5,951","3,017","4,756","1,195","1,822","2,960,143","425,766",551,,"16,583","9,811",1.72,,"8,435","1,376",,"14,236","2,347","66,805","66,656","65,520","65,160","64,308","172,788",73.8,31.8,30.8,,26.7,65.4,31.8,"109,829","1,076,719","2,309,190","4,799","5,117",,"41,983","-41,547","-3,451",436,"16,580"
1975,"3,572,202","79,723","50,263","95,412","145,675","11,172","68,551",27.79,4.36,72.7,1.02779,4,0.5051,737,,134,"8,151","6,390","3,056","5,095","1,295","1,761","3,126,469","445,733",542,,"21,467","14,446",1.77,"2,000","10,019","2,427","2,000","16,656","2,811","66,630","68,074","67,925","66,789","66,429","174,018",70.9,32.3,31.8,,31,64.6,32.3,"93,134","1,153,821","2,418,381","4,899","5,219",,"-50,736","51,188","47,737",452,"16,959"
1976,"3,742,749","88,522","52,281","133,959","186,240","15,686","72,836",29.72,4.32,72.95,1.02972,4.29,0.5049,798,,148,"8,325","6,903","2,844","5,481","1,422","1,422","3,283,264","459,485",528,,"25,111","13,928",1.77,739,"10,617","2,572","1,239","20,172","3,700","63,943","68,411","69,856","69,707","68,570","183,670",67,33.1,32.8,,31.8,67.5,33.1,"132,222","1,238,850","2,503,899","5,230","5,281",,"5,182","-4,707","43,030",475,"17,360"
1977,"3,969,220","95,000","62,000","167,939","229,939","19,665","75,335",31.66,4.14,73.35,1.03166,4.6,0.5047,885,,157,"9,180","7,466","3,263","5,917","1,549","1,694","3,486,430","482,790",519,,"25,300","14,561",1.81,"1,153","10,793","2,615","1,338","20,269","3,693","65,081","66,176","70,645","72,090","71,940","191,236",61.7,33.7,34.3,,31,69.8,33.7,"158,782","1,337,627","2,631,593","5,380","5,372",,"-7,284","7,785","50,815",501,"17,789"
1978,"4,166,854","97,000","63,000","152,000","215,000","17,799","79,201",30.7,4.1,73.45,1.0307,4.47,0.5045,990,,166,"9,854","8,064","3,123","6,731","1,333","1,790","3,656,704","510,150",493,,"27,669","15,860",1.81,"1,191","11,809","2,860","1,479","22,113","4,077","64,646","67,103","68,198","72,666","74,111","192,466",63.4,35.5,36.5,,32.6,70.6,35.5,"101,473","1,479,233","2,687,621","5,921","5,410",,"6,035","-5,506","45,309",529,"18,245"
1979,"4,404,121","107,000","67,000","193,000","260,000","22,600","84,400",30,4.2,73.9,1.03,4.4,0.5043,"1,092",,175,"10,486","9,365","3,251","7,235","2,130","2,121","3,799,636","604,485",456,,"29,454","16,590",1.8,"1,393","12,233","2,964","1,691","23,473","4,290","67,550","67,213","69,669","70,765","75,233","195,883",65.6,38.4,38.8,,33,71.2,38.4,"81,139","1,691,182","2,712,939","6,912","5,357",,"10,464","-9,907","35,403",557,"18,725"
1980,"4,639,822","103,000","65,000","221,000","286,000","25,879","77,121",28.2,3.9,73.7,1.0282,4.12,0.5041,"1,218",,188,"12,591","10,324","4,723","7,868","2,456","2,267","3,993,727","646,095",437,,"29,953","16,600",1.72,"1,508","12,149","2,943","1,856","23,781","4,316","75,153","70,490","70,152","72,609","73,704","187,906",60.5,40,41.2,,32.9,65.2,40,"152,199","1,855,929","2,783,893","7,054","5,359",,"37,886","-37,298","-1,896",588,"19,239"
1981,"4,920,449","111,000","69,000","224,000","293,000","26,230","84,770",28.1,3.9,74.1,1.0281,4.13,0.504,"1,321",342,186,"13,093","11,063","4,701","8,392","2,719","2,030","4,341,899","578,550",443,,"29,700","17,800",1.45,"1,567","13,067","3,166","1,944","23,444","4,312","68,234","78,133","73,469","73,131","75,588","191,466",63.1,39.5,41.1,,35.3,65.4,39.5,"239,988","1,943,577","2,976,872","7,364","5,610",,-601,"1,222",-673,621,"19,784"
1982,"5,162,619","124,000","67,000","207,000","274,000","24,239","99,761",28.1,3.9,74.45,1.0281,4.15,0.5039,"1,392",336,180,"13,471","11,492","4,583","8,888","2,699","1,979","4,598,604","564,015",447,,"26,300","18,260",1.39,"1,627","13,389","3,244","2,019","20,535","3,746","76,404","70,987","80,886","76,222","75,884","191,623",70.4,39.1,40.9,,35.6,62.9,39.1,"248,305","2,018,584","3,144,035","7,688","5,865",,"18,277","-17,622","-18,295",655,"20,361"
1983,"5,351,724","112,000","69,000","189,419","258,419","22,180","89,820",24.5,4,74.55,1.0245,3.62,0.5039,"1,458",343,177,"13,943","11,953","4,614","9,329","2,641","1,991","4,784,289","567,435",447,,"26,565","19,450",1.41,"1,686","14,300","3,464","2,093","20,675","3,797","79,540","78,923","73,506","83,405","78,741","195,475",69.7,39.1,41.1,,37.3,62,39.1,"219,257","2,092,524","3,259,200","8,222","6,051",,"55,041","-54,358","-72,654",683,"20,962"
1984,"5,641,054","98,000","69,000","192,983","261,983","22,598","75,402",23.6,4.3,74.65,1.0236,3.5,0.5038,"1,507",353,180,"14,468","12,422","4,745","9,723","2,697","2,046","5,057,944","583,110",455,,"27,655","19,720",1.48,"1,750","14,465","3,505","2,172","21,558","3,925","84,768","82,107","81,490","76,073","85,972","205,616",58.1,38.5,40.2,,35.4,63.4,38.5,"202,602","2,171,806","3,469,248","9,099","6,301",,"-42,747","43,462","-29,192",715,"21,586"
1985,"5,919,483","95,000","70,000","197,640","267,640","23,143","71,857",22.8,4.5,74.65,1.0228,3.38,0.5037,"1,582",352,188,"15,007","12,939","4,839","10,168","2,766","2,068","5,330,103","589,380",459,,"29,265","19,890",1.55,"1,817","14,548","3,525","2,255","22,853","4,157","89,397","87,396","84,735","84,118","78,702","214,963",54.5,38.1,40.1,,35.6,62.2,38.1,"199,213","2,255,323","3,664,160","9,910","6,530",,"-27,229","27,980","-1,212",751,"22,239"
1986,"6,166,974","93,000","72,000","216,210","288,210","25,318","67,682",21.9,4.6,74.7,1.0219,3.25,0.5036,"1,622",346,193,"15,382","13,318","4,855","10,527","2,792","2,064","5,578,734","588,240",466,,"31,803","20,798",1.66,"1,865","15,241","3,692","2,319","24,921","4,563","93,482","92,273","90,272","87,611","86,994","225,709",51.1,37.6,39.3,,37.1,62.1,37.6,"235,299","2,318,782","3,848,192","10,452","6,823",,"23,444","-22,658","-23,870",786,"22,922"
1987,"6,394,314","99,000","75,000","227,284","302,284","26,614","72,386",21,4.8,74.85,1.021,3.12,0.5035,"1,666",379,205,"16,034","13,727","5,127","10,907","2,812","2,307","5,736,819","657,495",464,,"34,750","21,001",1.64,"1,945","15,340","3,716","2,411","27,362","4,977","95,673","96,505","95,296","93,295","90,634","238,778",54.9,37.7,39.2,,34.8,62.7,37.7,"223,045","2,410,656","3,983,658","11,365","7,066",,"56,513","-55,697","-79,567",816,"23,627"
1988,"6,721,210","106,857","73,000","256,515","329,515","30,037","76,820",21.3,4.8,74.85,1.0213,3.17,0.5035,"1,707",402,222,"16,539","14,069","5,343","11,196","2,899","2,470","6,017,260","703,950",474,,"36,132","22,619",1.62,"1,994","16,603","4,022","2,480","28,420","5,232","98,334","99,084","99,917","98,707","96,707","242,435",55,36.9,38.3,,35.7,61.2,36.9,"282,287","2,480,126","4,241,084","11,615","7,546",,"-16,542","17,395","-62,172",853,"24,366"
1989,"7,308,444","106,980","75,000","318,940","393,940","37,347","69,633",19,4.7,75.1,1.019,2.83,0.5034,"1,739",432,228,"17,284","14,533","5,769","11,536","3,018","2,751","6,524,409","784,035",498,,"39,739","25,609",1.68,"2,067","18,952","4,590","2,565","31,353","5,821","107,044","102,576","103,326","104,158","102,949","255,360",52.2,35.1,36,,38.2,61.2,35.1,"329,210","2,565,264","4,743,180","11,572","8,128","155,478","-25,536","62,172",0,"36,636","60,887"
1990,"7,761,207","110,328","78,000","330,877","408,877","38,745","71,583",21,4.5,75.3,1.021,3.14,0.5033,"1,784",479,256,"18,082","15,003","6,222","11,860","3,143","3,079","6,883,692","877,515",510,,"43,651","26,255",1.71,"2,145","19,408","4,702","2,662","34,666","6,323","114,627","111,444","106,977","107,727","108,559","274,184",45.2,34.3,35,,36.9,62.2,34.3,"332,745","2,662,094","5,099,113","11,630","8,513","100,000","68,299",,,"68,299","128,912"
1991,"8,089,848","115,359","75,000","297,770","372,770","34,868","80,491",20.2,4.5,75.45,1.0202,3.03,0.5029,"1,837",527,267,"18,838","15,513","6,654","12,184","3,329","3,325","7,142,223","947,625",513,,"43,395","24,861",1.7,"2,223","18,224","4,414","2,759","34,444","6,192","121,729","118,587","115,405","110,937","111,687","290,304",50.3,34.1,34.7,,33.3,62.2,34.1,"304,423","2,758,638","5,331,210","12,162","8,710",,"63,616",,,"63,616","191,947"
1992,"8,404,087","109,362","77,380","274,477","351,857","32,141","77,221",20.2,4.5,75.7,1.0202,3.04,0.5024,"1,919",601,276,"20,112","16,292","7,392","12,720","3,572","3,819","7,315,672","1,088,415",502,,"46,025","28,716",1.69,"2,377","21,203","5,136","2,933","36,327","6,765","126,176","125,380","122,238","119,055","114,588","303,736",46.4,34.9,35.4,,37.7,61.6,34.9,"196,499","2,933,026","5,471,061","12,952","8,746",,"47,902",,,"47,902","238,985"
1993,"8,689,168","101,057","76,312","304,808","381,120","35,693","65,364",19.6,4.5,75.5,1.0196,2.95,0.502,"1,968",647,295,"21,099","17,048","7,844","13,255","3,793","4,051","7,534,633","1,154,535",495,,"48,708","28,774",1.67,"2,482","21,165","5,127","3,076","38,618","7,014","131,902","130,230","129,434","126,292","123,109","323,720",39,35.4,35.3,,35.8,62.5,35.4,"249,311","3,075,965","5,613,203","13,615","8,813",,"98,356",,,"98,356","336,265"
1994,"9,024,368","112,671","72,538","300,730","373,268","35,215","77,456",19.7,4.5,75.65,1.0197,2.97,0.5015,"2,008",709,303,"21,832","17,521","8,036","13,796","3,725","4,311","7,795,733","1,228,635",496,,"47,311","27,912",1.7,"2,566","20,404","4,942","3,186","37,376","6,749","139,165","135,902","134,230","133,433","130,292","342,136",44.4,35.3,34.8,,32.3,63,35.3,"289,695","3,185,602","5,838,766","14,069","8,984",,"55,149",,,"55,149","389,900"
1995,"9,338,397","133,865","71,139","304,330","375,469","35,637","98,228",19.8,4.6,75.7,1.0198,2.99,0.5011,"2,150",699,307,"22,673","18,396","8,337","14,336","4,060","4,277","8,119,452","1,218,945",494,,"48,631","29,015",1.75,"2,665","21,212","5,138","3,306","38,318","7,007","133,412","143,213","139,949","138,277","137,481","355,587",54,35.4,35.7,,31.8,64.1,35.4,"303,053","3,305,793","6,032,604","14,951","9,102",,"100,113",,,"100,113","488,219"
1996,"9,692,441","136,954","81,017","321,385","402,402","37,634","99,320",20.6,4.4,76.1,1.0206,3.13,0.5007,"2,296",671,309,"23,516","19,522","8,009","15,507","4,015","3,994","8,554,151","1,138,290",486,,"52,938","31,227",1.73,"2,823","22,865","5,539","3,489","41,766","7,683","142,444","137,687","147,487","144,224","142,552","363,202",50.7,36,36.2,,32.7,63.5,36,"259,781","3,489,279","6,203,162","15,072","9,079",,"80,144",,,"80,144","566,214"
1997,"10,071,783","130,257","75,214","317,798","393,012","37,214","93,043",20.5,4.4,76.5,1.0205,3.14,0.5002,"2,424",649,318,"24,697","20,776","8,019","16,678","4,098","3,923","8,953,728","1,118,055",476,,"56,531","33,726",1.73,"3,000","24,734","5,992","3,706","44,613","8,212","158,809","146,671","141,914","151,714","148,450","371,884",45.9,36.8,36.5,,34,62.1,36.8,"214,917","3,706,416","6,365,367","16,001","9,068",,"43,644",,,"43,644","607,367"
1998,"10,404,448","128,936","76,829","299,134","375,963","35,028","93,908",21.1,4.4,76.65,1.0211,3.24,0.4998,"2,505",631,331,"25,553","21,649","8,364","17,189","4,460","3,904","9,291,808","1,112,640",477,,"57,853","33,229",1.74,"3,068","24,280","5,881","3,818","45,749","8,286","150,259","162,788","150,649","145,892","155,692","377,436",43.5,36.7,36.4,,31.9,61.9,36.7,"299,521","3,818,432","6,586,016","16,533","9,242",,"69,630",,,"69,630","674,324"
1999,"10,752,984","128,128","84,118","306,171","390,289","35,852","92,276",21.1,4.4,77.5,1.0211,3.28,0.4993,"2,542",636,333,"25,793","21,897","8,094","17,699","4,198","3,896","9,642,624","1,110,360",485,,"58,593","33,915",1.77,"3,115","24,794","6,006","3,882","46,275","8,436","137,539","154,332","166,860","154,721","149,964","373,887",41.3,36.1,35.6,,32.4,60.9,36.1,"354,101","3,881,827","6,871,157","16,803","9,400",,"59,560",,,"59,560","730,916"
2000,"11,068,861","127,614","81,450","273,973","355,423","32,082","95,532",21.1,4.3,78.4,1.0211,3.32,0.4989,"2,581",621,334,"25,915","22,071","7,921","17,994","4,077","3,844","9,973,321","1,095,540",496,,"60,784","34,503",1.76,"3,128","25,257","6,118","3,907","48,110","8,767","135,180","141,183","157,975","170,504","158,365","381,758",41.5,35.3,34.9,,32.7,63.1,35.3,"359,544","3,907,308","7,161,553","16,562","9,565",,"59,583",,,"59,583","787,356"
2001,"11,394,518","127,100","69,522","292,612","362,134","34,264","92,836",21,4.2,79.3,1.021,3.34,0.4988,"2,607",618,333,"26,084","22,249","7,879","18,205","4,044","3,835","10,301,543","1,092,975",507,,"60,850","34,684",1.73,"3,149","25,386","6,149","3,931","48,162","8,757","132,412","139,072","145,075","161,867","174,396","380,386",39.4,34.5,34.2,,30.4,65.8,34.5,"379,636","3,931,109","7,463,409","16,275","9,920",,"67,860",,,"67,860","851,909"
2002,"11,721,548","126,586","81,132","283,138","364,270","33,155","93,431",21.1,4.3,80.2,1.0211,3.39,0.4987,"2,602",641,335,"26,143","22,231","7,858","18,285","3,946","3,912","10,606,628","1,114,920",522,,"61,638","36,196",1.71,"3,140","26,610","6,446","3,927","48,779","8,932","138,119","136,178","142,838","148,841","165,633","375,674",38.3,33.5,33.1,,31.2,66.4,33.5,"397,465","3,926,719","7,794,829","16,649","10,349",,"55,696",,,"55,696","903,941"
2003,"11,985,254","126,072","99,457","242,923","342,380","28,446","97,626",21.1,4.1,81.1,1.0211,3.43,0.4985,"2,624",644,337,"26,237","22,418","7,741","18,496","3,922","3,819","10,896,839","1,088,415",531,,"56,237","30,467",1.71,"3,170","21,974","5,323","3,955","44,461","7,821","142,864","141,350","139,409","146,069","152,071","370,940",39,33,32.5,,27.6,65.1,33,"324,542","3,955,134","8,030,120","16,038","10,796",,"78,455",,,"78,455","978,689"
2004,"12,275,822","125,558","98,870","241,108","339,978","28,233","97,325",21.1,4.3,81.95,1.0211,3.47,0.4984,"2,665",646,338,"26,670","22,886","7,810","18,860","4,026","3,784","11,197,382","1,078,440",535,,"51,067","29,548",1.73,"3,221","21,193","5,134","4,014","39,856","7,197","135,559","146,071","144,557","142,615","149,275","361,686",38,32.7,32.1,,28,63.6,32.7,"290,549","4,014,194","8,261,628","17,057","11,295",,"47,746",,,"47,746","1,022,226"
2005,"12,560,869","125,044","93,150","243,108","336,258","28,467","96,577",21,4.5,82,1.021,3.46,0.4983,"2,701",643,341,"27,087","23,307","7,834","19,253","4,054","3,780","11,483,569","1,077,300",538,,"52,060","30,587",1.74,"3,395","21,890","5,302","4,200","40,468","7,392","136,499","138,792","149,304","147,790","145,849","363,370",37,32.5,31.8,,29.6,63.5,32.5,"281,902","4,082,282","8,478,587","18,162","11,676",,"53,267",,,"53,267","1,070,892"
2006,"12,868,606","124,530","94,006","272,845","366,851","31,950","92,580",21.2,4.7,82.1,1.0212,3.49,0.4982,"2,745",630,344,"27,475","23,703","7,860","19,615","4,088","3,772","11,793,586","1,075,020",543,,"53,164","30,653",1.73,"3,095","22,184","5,374","3,944","41,639","7,581","144,593","140,128","142,421","152,933","151,419","362,756",34.3,32.2,31.4,,29.7,62.5,32.2,"316,724","4,143,691","8,724,915","19,242","12,124",,"58,272",,,"58,272","1,124,130"
2007,"13,193,999","124,016","93,698","279,218","372,916","32,696","91,320",21.2,4.9,82.2,1.0212,3.5,0.4981,"2,790",618,348,"27,827","24,076","7,849","19,978","4,098","3,751","12,124,964","1,069,035",549,,"52,686","30,384",1.73,"2,914","23,969","3,501","3,688","42,149","6,849","141,088","148,307","143,841","146,135","156,647","364,048",33.1,31.9,31.1,,31,62.8,31.9,"317,670","4,208,886","8,985,113","20,369","12,668",,"44,804",,,"44,804","1,163,425"
2008,"13,508,509","123,502","96,877","265,593","362,470","31,100","92,402",20.9,5.1,82.3,1.0209,3.45,0.4979,"2,818",622,348,"28,109","24,308","7,904","20,205","4,103","3,801","12,425,224","1,083,285",556,,"52,494","30,312",1.74,"3,144","21,870","5,298","3,873","42,142","6,479","129,112","144,620","151,839","147,374","149,667","361,993",33.1,31.5,30.6,,28.4,63.2,31.5,"321,352","4,255,180","9,253,329","21,449","13,245",,"39,891",,,"39,891","1,197,382"
2009,"13,824,854","119,722","93,919","280,106","374,025","32,800","86,922",19.8,5,82.4,1.0198,3.28,0.4978,"2,865",616,344,"28,424","24,329","7,889","20,535","3,794","3,794","12,743,564","1,081,290",566,,"51,736","29,168",1.74,"3,273","20,846","5,049","4,059","40,397","7,280","140,859","132,837","148,346","155,564","151,099","363,048",32.1,30.9,30.4,,27.6,62.9,30.9,"362,013","4,271,880","9,552,974","21,115","13,708",,"48,660",,,"48,660","1,240,055"
2010,"14,131,467","120,528","95,021","272,814","367,835","31,946","88,582",18.8,5.2,82.5,1.0188,3.12,0.4977,"2,896",614,340,"28,660","24,894","7,806","20,854","4,040","3,766","13,058,157","1,073,310",569,,"52,225","30,563",1.72,"3,426","21,845","5,292","4,244","40,555","7,426","161,236","144,487","136,466","151,974","159,193","369,373",33.7,30.8,29.9,,28,62.2,30.8,"290,343","4,352,492","9,778,975","22,387","14,102",,"50,240",,,"50,240","1,283,847"
2011,"14,441,346","119,917","98,512","281,312","379,824","32,941","86,976",18.2,5.3,82.6,1.0182,3.01,0.5,"2,946",608,340,"28,784","25,049","7,683","21,101","3,948","3,735","13,376,871","1,064,475",578,,"55,410","33,261",1.66,"4,922","22,813","5,526","5,778","41,954","7,678","161,940","164,977","148,229","140,207","155,716","375,389",33.5,30.3,29.7,,29,61,30.3,"355,050","4,375,728","10,065,618","22,943","14,251",,"54,156",,,"54,156","1,331,198"
2012,"14,782,473","122,273","98,573","272,330","370,903","31,889","90,384",18,5.5,82.7,1.018,2.98,0.5,"3,005",591,347,"29,014","25,333","7,567","21,447","3,886","3,681","13,733,388","1,049,085",585,,"58,990","37,787",1.65,"4,980","26,112","6,695","6,210","44,229","8,551","154,903","165,562","168,599","151,851","143,829","391,680",34.4,29.9,29.5,,34.9,61.1,29.9,"326,343","4,419,959","10,362,514","24,029","14,171",,"15,276",,,"15,276","1,339,152"
2013,"15,082,028","115,486","97,549","282,945","380,494","33,132","82,354",17.5,5.7,82.8,1.0175,2.9,0.5,"3,050",571,405,"29,253","25,626","7,502","21,751","3,875","3,627","14,048,333","1,033,695",591,,"83,035","60,219",1.62,"5,398","32,079","22,742","6,643","53,142","23,250","155,204","158,666","169,325","172,363","155,614","397,007",31.5,29.6,29.3,,39.6,60.6,29.6,"328,916","4,464,280","10,617,748","25,194","14,704",,"58,978",,,"58,978","1,390,496"
2014,"15,372,337","116,409","94,366","296,803","391,169","34,755","81,654",17.4,5.9,82.9,1.0174,2.88,0.5,"3,114",561,406,"29,621","26,048","7,445","22,176","3,872","3,573","14,354,032","1,018,305",594,,"85,147","48,437",1.6,"5,393","28,021","15,024","6,742","54,479","23,926","153,506","159,151","162,614","173,272","176,310","402,489",30.8,29.5,29.3,,32.4,62.1,29.5,"316,150","4,534,839","10,837,498","26,503","15,748",,"80,652",,,"80,652","1,462,944"
2015,"15,634,199","114,550","93,773","257,402","351,175","30,141","84,409",17,6.1,83,1.017,2.82,0.5,"3,174",558,418,"30,016","26,497","7,444","22,572","3,925","3,519","14,631,284","1,002,915",595,,"74,079","43,488",1.61,"4,852","26,760","13,926","6,200","48,787","20,000","156,077","156,929","162,575","166,037","176,696","407,971",32,29.4,29.3,,31.5,63.6,29.4,"282,532","4,596,455","11,037,744","27,804","16,091",,"66,195",,,"66,195","1,520,215"
2016,"15,882,417","109,246","93,209","240,131","333,340","28,119","81,127",16.6,6.3,83,1.0166,2.76,0.5,"3,266",556,421,"30,304","26,839","7,363","22,941","3,898","3,465","14,894,892","987,525",597,,"70,946","42,985",1.62,"4,371","26,625","13,292","5,584","47,384","17,978","152,920","159,271","160,123","165,769","169,231","404,270",31,29.3,29.6,,32.1,63.4,29.3,"263,196","4,653,548","11,228,869","29,088","16,745",,"55,326",,,"55,326","1,565,963"
2017,"16,118,169","106,771","87,603","233,729","321,332","27,369","79,402",15.6,6.6,83,1.0156,2.59,0.5,"3,341",553,421,"30,506","27,095","7,281","23,225","3,870","3,411","15,146,034","972,135",600,,"67,049","39,932",1.62,"4,084","26,128","13,219","5,177","44,947","16,925","152,715","156,029","162,380","163,231","168,877","403,270",31.8,29.2,29.8,,31.8,63.6,29.2,"256,707","4,706,505","11,411,664","30,836","17,850",,"56,062",,,"56,062","1,611,689"
2018,"16,313,735","102,102","88,847","234,332","323,179","27,440","74,662",14.9,7,83,1.0149,2.47,0.5,"3,383",547,407,"30,536","27,212","7,128","23,408","3,804","3,324","15,366,395","947,340",605,,"65,137","43,271",1.62,"4,165","26,219","12,887","5,186","43,682","16,887","156,247","155,832","159,145","165,496","166,348","402,269",30.9,28.9,29.7,,31.9,63.2,28.9,"295,465","4,714,669","11,599,066","32,805","18,159",,"89,904",,,"89,904","1,690,311"
2019,"16,565,036","94,266","87,425","248,835","336,260","29,138","65,128",14.7,7.2,83,1.0147,2.44,0.5,"3,437",542,399,"30,940","27,672","7,105","23,835","3,837","3,268","15,633,656","931,380",605,,"67,021","43,039",1.62,"4,225","25,737","13,078","5,266","44,889","16,866","156,076","159,557","159,141","162,455","168,806","401,473",27,28.9,29.7,,31.4,63,28.9,"236,268","4,787,295","11,777,741","34,207","18,621",,"38,972",,,"38,972","1,717,112"
2020,"16,663,663","65,440","91,058","125,930","216,988","14,746","50,694",14.1,7.5,83,1.0141,2.34,0.5,"3,463",537,405,"31,136","27,870","7,099","24,037","3,833","3,266","15,732,853","930,810",605,,"51,819","28,224",1.62,"2,770","16,878","8,576","3,827","35,427","12,565","153,838","157,751","161,232","160,816","164,130",,21.6,28.9,29.7,,20.9,,28.9,"126,854","4,815,799","11,847,864","36,012","19,131",,"37,600",,,"37,600","1,741,833"
2021,"16,881,900","94,130","79,034","207,207","286,241","24,263","69,867",14.41,7.9,83,1.01441,2.39,0.5,"3,511",514,405,"31,463","28,251","7,051","24,412","3,839","3,212","15,966,480","915,420",613,,"61,105","42,246",1.62,"3,000","26,468","12,778","3,693","44,193","13,219","149,417","156,594","160,507","163,987","163,572",,,,,,,,28.6,"258,723","4,820,631","12,061,270","37,782","19,947",,,,,"25,371","1,753,443"
2022,"17,122,030","98,907","81,576","252,706","334,282","29,591","69,316",14.29,8.2,83,1.01429,2.37,0.5,"3,528",505,441,"31,527","28,369","7,003","24,524","3,845","3,158","16,222,000","900,030",620,,"71,829","43,604",1.62,"4,083","26,448","13,073","4,833","48,981","18,015","147,921","152,778","159,955","163,868","167,348",,,,,,,,28.2,"299,745","4,833,247","12,288,783","39,252","20,486",,,,,"51,745","1,790,809"
2023,"17,334,265","96,797","85,832","236,789","322,621","27,727","69,070",14.21,8.4,83,1.01421,2.36,0.5,"3,540",497,445,"31,560","28,456","6,955","24,605","3,851","3,104","16,449,625","884,640",627,,"72,324","43,192",1.62,"3,820","26,325","13,047","4,841","49,219","18,264","148,409","151,070","155,927","163,104","167,017",,,,,,,,27.9,"285,609","4,840,912","12,493,353","40,312","21,091",,,,,"59,949","1,835,715"
2024,"17,543,653","96,198","82,257","232,706","314,963","27,249","68,949",14.17,8.7,83,1.01417,2.35,0.5,"3,550",488,441,"31,578","28,528","6,907","24,671","3,857","3,050","16,674,403","869,250",634,,"71,397","42,540",1.62,"3,891","25,666","12,983","4,846","48,394","18,157","142,458","151,504","154,165","159,022","166,199",,,,,,,,27.6,"282,049","4,845,953","12,697,700","41,814","20,580",,,,,"57,122","1,876,866"
2025,"17,743,159","95,226","80,545","225,333","305,878","26,386","68,840",14.14,9,83,1.01414,2.35,0.5,"3,558",479,435,"31,577","28,581","6,859","24,718","3,863","2,996","16,889,299","853,860",641,,"70,319","41,898",1.62,"3,875","25,366","12,657","4,848","47,607","17,864","143,328","145,455","154,501","157,162","162,019",,,,,,,,27.3,"275,489","4,847,725","12,895,434","43,298","21,345",,,,,"56,410","1,916,384"
2026,"17,933,433","94,219","75,991","217,639","293,630","25,485","68,734",14.12,9.2,83,1.01412,2.34,0.5,"3,563",471,433,"31,559","28,617","6,811","24,748","3,869","2,942","17,094,963","838,470",648,,"69,779","41,786",1.62,"3,878","25,404","12,504","4,847","47,363","17,569","140,936","146,222","148,350","157,396","160,057",,,,,,,,27,"268,591","4,846,719","13,086,714","44,273","22,213",,,,,"55,098","1,953,851"
2027,"18,115,884","93,275","67,110","211,229","278,339","24,734","68,541",14.09,9.4,83,1.01409,2.34,0.5,"3,566",462,428,"31,525","28,637","6,763","24,762","3,875","2,888","17,292,804","823,080",655,,"68,703","40,785",1.62,"3,873","24,397","12,515","4,843","46,382","17,478","143,369","143,746","149,031","151,159","160,205",,,,,,,,26.7,"262,807","4,843,194","13,272,690","45,222","23,113",,,,,"53,718","1,989,202"
2028,"18,289,690","92,697","53,869","203,667","257,536","23,849","68,848",14.17,9.6,83,1.01417,2.35,0.5,"3,568",453,423,"31,479","28,645","6,715","24,764","3,881","2,834","17,482,000","807,690",662,,"67,629","40,380",1.62,"3,869","24,491","12,020","4,837","45,705","17,087","134,230","146,078","146,454","151,740","153,868",,,,,,,,26.4,"255,948","4,837,463","13,452,227","46,147","23,850",,,,,"52,561","2,022,666"
2029,"18,454,266","92,005","70,830","196,235","267,065","22,979","69,026",14.23,9.8,83,1.01423,2.36,0.5,"3,568",445,420,"31,418","28,638","6,667","24,751","3,887","2,780","17,661,966","792,300",669,,"66,957","39,979",1.62,"3,862","24,059","12,058","4,829","45,278","16,850","132,275","136,840","148,687","149,064","154,350",,,,,,,,26.2,"249,173","4,829,480","13,624,785","47,049","25,425",,,,,"51,190","2,054,033"
2030,"18,610,539","91,259","70,044","189,855","259,899","22,232","69,027",14.26,10,83,1.01426,2.37,0.5,"3,566",436,420,"31,345","28,619","6,619","24,726","3,893","2,726","17,833,629","776,910",676,,"66,812","40,102",1.62,"3,854","24,406","11,842","4,819","45,292","16,701","133,549","134,800","139,365","151,213","151,589",,,,,,,,25.9,"243,312","4,819,357","13,791,182","47,926","27,080",,,,,"49,835","2,083,327"
2031,"18,760,029","90,393","69,574","184,780","254,354","21,637","68,756",14.24,10.1,83,1.01424,2.36,0.5,"3,562",428,413,"31,262","28,590","6,571","24,691","3,899","2,672","17,998,509","761,520",683,,"65,532","38,740",1.62,"3,845","22,890","12,005","4,808","44,034","16,690","129,273","136,006","137,258","141,822","153,670",,,,,,,,25.6,"238,592","4,807,637","13,952,391","48,300","28,721",,,,,"48,662","2,110,947"
2032,"18,901,086","89,081","69,266","177,303","246,569","20,762","68,319",14.19,10.2,83,1.01419,2.36,0.5,"3,557",419,402,"31,166","28,548","6,523","24,643","3,905","2,618","18,154,956","746,130",690,,"63,512","37,630",1.62,"3,833","22,534","11,263","4,794","42,546","16,172","126,703","131,631","138,365","139,616","144,180",,,,,,,,25.4,"231,687","4,793,679","14,107,407","48,655","28,953",,,,,"47,718","2,137,133"
2033,"19,032,156","87,275","68,877","168,320","237,197","19,710","67,565",14.08,10.3,83,1.01408,2.34,0.5,"3,550",410,398,"31,052","28,488","6,475","24,577","3,911","2,564","18,301,416","730,740",697,,"62,734","37,594",1.62,"3,819","22,693","11,082","4,777","42,318","15,639","121,082","128,941","133,870","140,603","141,855",,,,,,,,25.1,"223,393","4,776,895","14,255,262","48,986","29,202",,,,,"46,337","2,161,457"
2034,"19,154,941","85,628","68,431","162,226","230,657","18,996","66,632",13.94,10.5,83,1.01394,2.31,0.5,"3,540",402,395,"30,923","28,413","6,427","24,496","3,917","2,510","18,439,591","715,350",705,,"62,026","36,909",1.62,"3,802","21,955","11,152","4,757","41,684","15,585","110,566","123,239","131,099","136,028","142,761",,,,,,,,24.8,"217,657","4,757,334","14,397,607","49,758","30,633",,,,,"44,679","2,183,440"
2035,"19,269,069","83,738","68,019","156,359","224,378","18,309","65,429",13.75,10.7,83,1.01375,2.28,0.5,"3,529",393,388,"30,776","28,320","6,379","24,397","3,923","2,456","18,569,109","699,960",712,,"60,728","36,068",1.62,"3,784","21,495","10,789","4,735","40,674","15,319","94,852","112,646","125,319","133,179","138,107",,,,,,,,24.6,"212,083","4,734,854","14,534,215","50,494","31,944",,,,,"43,531","2,203,608"
2036,"19,373,616","81,487","68,066","149,295","217,361","17,482","64,005",13.52,10.9,83,1.01352,2.24,0.5,"3,514",384,378,"30,610","28,208","6,331","24,279","3,929","2,402","18,689,046","684,570",720,,"58,966","34,869",1.62,"3,763","20,547","10,559","4,709","39,332","14,925","114,440","96,838","114,631","127,304","135,164",,,,,,,,24.3,"205,388","4,709,058","14,664,558","51,190","32,628",,,,,"42,417","2,222,005"
2037,"19,467,748","78,958","67,951","141,333","209,284","16,550","62,408",13.26,11.1,83,1.01326,2.2,0.5,"3,497",376,360,"30,423","28,075","6,283","24,140","3,935","2,348","18,798,568","669,180",728,,"55,932","32,636",1.62,"3,739","18,805","10,092","4,680","36,856","14,396","112,998","116,319","98,717","116,511","129,184",,,,,,,,24,"197,836","4,679,673","14,788,075","51,840","33,240",,,,,"41,078","2,238,418"
2038,"19,548,342","76,001","67,641","130,795","198,436","15,316","60,685",12.98,11.3,83,1.01298,2.15,0.5,"3,477",367,329,"30,212","27,918","6,235","23,977","3,941","2,294","18,894,552","653,790",736,,"50,968","29,163",1.62,"3,711","16,214","9,238","4,646","32,902","13,420","111,047","114,738","118,059","100,457","118,251",,,,,,,,23.8,"187,911","4,646,119","14,902,224","52,440","34,195",,,,,"39,567","2,252,690"
2039,"19,611,230","72,507","66,986","116,354","183,340","13,625","58,882",12.69,11.6,83,1.01269,2.11,0.5,"3,452",358,326,"29,970","27,730","6,187","23,783","3,947","2,240","18,972,830","638,400",745,,"50,436","30,952",1.62,"3,679","19,304","7,969","4,607","33,837","11,992","109,254","112,594","116,285","119,606","102,004",,,,,,,,23.5,"174,410","4,607,128","15,004,102","53,441","34,950",,,,,"37,582","2,264,140"
2040,"19,667,424","70,042","66,029","111,498","177,527","13,056","56,986",12.39,11.8,83,1.01239,2.06,0.5,"3,425",350,343,"29,711","27,525","6,139","23,572","3,953","2,186","19,044,414","623,010",754,,"52,791","32,112",1.62,"3,645","19,008","9,459","4,565","35,699","12,527","107,459","110,737","114,077","117,768","121,089",,,,,,,,23.2,"169,455","4,565,312","15,102,112","53,901","36,563",,,,,"34,882","2,272,305"
2041,"19,722,635","68,257","65,161","112,522","177,683","13,176","55,081",12.09,12,83,1.01209,2.01,0.5,"3,398",341,346,"29,444","27,312","6,091","23,353","3,959","2,132","19,115,015","607,620",763,,"53,036","31,582",1.62,"3,611","18,654","9,317","4,522","35,335","13,179","105,777","108,956","112,234","115,574","119,265",,,,,,,,22.9,"169,749","4,522,030","15,200,606","54,312","37,365",,,,,"33,891","2,278,928"
2042,"19,770,390","65,964","64,361","109,136","173,497","12,779","53,185",11.79,12.3,83,1.01179,1.96,0.5,"3,368",332,341,"29,160","27,082","6,043","23,117","3,965","2,078","19,178,160","592,230",773,,"52,164","31,064",1.62,"3,573","18,349","9,142","4,476","34,734","12,954","104,066","107,228","110,407","113,685","117,025",,,,,,,,22.6,"166,053","4,475,941","15,294,450","55,136","38,259",,,,,"33,950","2,284,847"
2043,"19,809,719","63,550","63,146","103,608","166,754","12,132","51,418",11.52,12.5,83,1.01152,1.91,0.5,"3,335",324,337,"28,860","26,836","5,995","22,865","3,971","2,024","19,232,879","576,840",783,,"51,319","30,565",1.62,"3,534","18,042","8,989","4,427","34,162","12,730","102,869","105,444","108,606","111,785","115,063",,,,,,,,22.3,"160,386","4,427,257","15,382,462","55,455","39,163",,,,,"33,211","2,289,497"
2044,"19,840,461","61,241","61,649","98,256","159,905","11,505","49,736",11.27,12.7,83,1.01127,1.87,0.5,"3,302",315,332,"28,547","26,577","5,947","22,600","3,977","1,970","19,279,011","561,450",793,,"50,488","30,068",1.62,"3,493","17,740","8,835","4,376","33,597","12,515","101,572","104,175","106,751","109,913","113,092",,,,,,,,22.1,"154,839","4,376,192","15,464,269","55,723","40,955",,,,,"32,077","2,292,497"
2045,"19,862,255","59,039","60,002","93,068","153,070","10,898","48,141",11.04,12.9,83,1.01104,1.83,0.5,"3,266",307,328,"28,221","26,305","5,899","22,322","3,983","1,916","19,316,195","546,060",804,,"49,650","29,562",1.62,"3,450","17,429","8,683","4,323","33,025","12,302","100,127","102,810","105,413","107,989","111,151",,,,,,,,21.8,"149,404","4,322,954","15,539,300","55,941","43,404",,,,,"30,968","2,293,891"
2046,"19,877,430","56,983","58,249","88,020","146,269","10,307","46,676",10.84,13,83,1.01084,1.8,0.5,"3,229",298,324,"27,885","26,023","5,851","22,034","3,989","1,862","19,346,760","530,670",815,,"48,887","29,137",1.62,"3,406","17,203","8,528","4,268","32,530","12,089","98,423","101,298","103,980","106,584","109,160",,,,,,,,21.5,"144,062","4,268,213","15,609,217","55,682","44,264",,,,,"29,881","2,293,951"
2047,"19,885,562","55,136","56,429","83,260","139,689","9,749","45,387",10.68,13.2,83,1.01068,1.77,0.5,"3,191",289,320,"27,540","25,732","5,803","21,737","3,995","1,808","19,370,282","515,280",826,,"48,201","28,735",1.62,"3,361","16,961","8,413","4,212","32,084","11,905","96,544","99,530","102,405","105,088","107,691",,,,,,,,21.2,"138,957","4,211,836","15,673,727","55,816","45,636",,,,,"28,812","2,292,482"
2048,"19,887,350","53,408","54,537","78,775","133,312","9,224","44,184",10.54,13.2,83,1.01054,1.75,0.5,"3,152",281,317,"27,191","25,437","5,755","21,436","4,001","1,754","19,387,460","499,890",838,,"47,501","28,303",1.62,"3,315","16,697","8,291","4,155","31,609","11,737","94,392","97,592","100,578","103,453","106,135",,,,,,,,20.9,"134,075","4,154,873","15,732,478","55,071","47,533",,,,,"27,791","2,290,012"
2049,"19,884,402","51,833","52,648","74,453","127,101","8,718","43,115",10.43,13.3,83,1.01043,1.73,0.5,"3,112",272,312,"26,836","25,136","5,707","21,129","4,007","1,700","19,399,902","484,500",849,,"46,730","27,820",1.62,"3,268","16,393","8,159","4,097","31,077","11,556","92,136","95,382","98,582","101,568","104,443",,,,,,,,20.6,"129,331","4,097,097","15,787,305","54,731","47,688",,,,,"26,815","2,286,369"
2050,"19,875,054","50,390","50,773","70,172","120,945","8,217","42,173",10.35,13.4,83,1.01035,1.72,0.5,"3,072",263,306,"26,478","24,832","5,659","20,819","4,013","1,646","19,405,944","469,110",861,,"45,878","27,291",1.62,"3,222","16,062","8,007","4,039","30,486","11,353","89,637","93,069","96,315","99,516","102,502",,,,,,,,20.3,"124,611","4,038,679","15,836,375","54,368","49,676",,,,,"25,866","2,281,597"
2051,"19,858,898","49,037","49,015","65,950","114,965","7,722","41,315",10.29,13.5,83,1.01029,1.71,0.5,"3,032",255,300,"26,116","24,524","5,611","20,505","4,019","1,592","19,405,178","453,720",873,,"44,938","26,705",1.62,"3,175","15,687","7,843","3,980","29,828","11,130","86,940","90,515","93,946","97,193","100,393",,,,,,,,20,"119,935","3,979,745","15,879,153","53,986","52,235",,,,,"24,922","2,275,717"
2052,"19,836,009","47,773","47,336","61,793","109,129","7,235","40,538",10.25,13.6,83,1.01025,1.7,0.5,"2,991",246,293,"25,751","24,213","5,563","20,188","4,025","1,538","19,397,679","438,330",885,,"43,921","26,079",1.62,"3,126","15,296","7,657","3,920","29,119","10,882","84,111","87,762","91,336","94,768","98,014",,,,,,,,19.8,"115,310","3,920,417","15,915,591","53,584","54,884",,,,,"23,987","2,268,754"
2053,"19,805,156","46,560","45,739","57,725","103,464","6,759","39,801",10.22,13.7,83,1.01022,1.7,0.5,"2,949",237,286,"25,383","23,899","5,515","19,868","4,031","1,484","19,382,216","422,940",898,,"42,832","25,408",1.62,"3,079","14,866","7,463","3,861","28,356","10,615","81,212","84,879","88,530","92,104","95,536",,,,,,,,19.5,"110,759","3,860,778","15,944,378","53,166","58,910",,,,,"23,062","2,260,734"
2054,"19,767,220","45,361","44,261","53,770","98,031","6,296","39,065",10.19,13.8,83,1.01019,1.69,0.5,"2,908",229,278,"25,014","23,584","5,467","19,547","4,037","1,430","19,359,670","407,550",910,,"41,662","24,686",1.62,"3,031","14,404","7,251","3,801","27,531","10,330","78,327","81,927","85,594","89,245","92,819",,,,,,,,19.2,"106,305","3,800,872","15,966,348","52,732","62,183",,,,,"22,152","2,251,687"
2055,"19,725,606","44,213","42,947","49,910","92,857","5,844","38,369",10.17,13.9,83,1.01017,1.69,0.5,"2,866",220,269,"24,642","23,266","5,419","19,223","4,043","1,376","19,333,446","392,160",923,,"40,422","23,929",1.62,"2,983","13,922","7,024","3,741","26,658","10,023","75,503","78,991","82,591","86,258","89,909",,,,,,,,19,"101,932","3,740,780","15,984,826","52,283","62,193",,,,,"21,261","2,241,649"
2056,"19,677,076","43,038","41,714","46,135","87,849","5,402","37,636",10.14,14,83,1.01014,1.68,0.5,"2,824",212,261,"24,270","22,948","5,371","18,899","4,049","1,322","19,300,306","376,770",936,,"39,137","23,150",1.62,"2,935","13,429","6,786","3,681","25,758","9,698","72,685","76,117","79,605","83,204","86,872",,,,,,,,18.7,"97,633","3,680,501","15,996,575","51,819","65,498",,,,,"20,386","2,230,651"
2057,"19,615,147","41,846","40,604","42,505","83,109","4,977","36,869",10.1,14,83,1.0101,1.68,0.5,"2,782",203,252,"23,897","22,629","5,323","18,574","4,055","1,268","19,253,767","361,380",948,,"37,836","22,369",1.62,"2,886","12,939","6,544","3,620","24,851","9,365","69,807","73,250","76,682","80,170","83,770",,,,,,,,18.5,"93,462","3,620,414","15,994,733","50,976","75,777",,,,,"19,527","2,218,948"
2058,"19,549,825","40,652","39,615","39,108","78,723","4,579","36,073",10.05,14,83,1.01005,1.67,0.5,"2,739",194,244,"23,526","22,312","5,275","18,251","4,061","1,214","19,203,835","345,990",961,,"36,548","21,603",1.62,"2,839","12,460","6,304","3,561","23,955","9,032","67,056","70,327","73,770","77,202","80,690",,,,,,,,18.2,"89,503","3,560,533","15,989,292","50,137","76,253",,,,,"18,692","2,206,574"
2059,"19,477,985","39,419","38,710","35,894","74,604","4,203","35,216",9.98,14,83,1.00998,1.66,0.5,"2,697",186,235,"23,155","21,995","5,227","17,928","4,067","1,160","19,147,385","330,600",974,,"35,276","20,843",1.62,"2,791","11,984","6,068","3,501","23,072","8,703","64,423","67,534","70,804","74,248","77,680",,,,,,,,18,"85,713","3,500,834","15,977,152","49,300","79,952",,,,,"17,901","2,193,582"
2060,"19,400,577","38,183","37,885","32,877","70,762","3,849","34,334",9.9,14,83,1.0099,1.64,0.5,"2,655",177,227,"22,784","21,678","5,179","17,605","4,073","1,106","19,085,367","315,210",987,,"34,001","20,075",1.62,"2,743","11,498","5,834","3,441","22,183","8,377","61,910","64,861","67,971","71,242","74,685",,,,,,,,17.7,"82,102","3,441,326","15,959,251","48,466","82,860",,,,,"17,143","2,180,014"
